"CASEID","POINT_X","POINT_Y","YEAR_","LOCATION","CHPTYPE","DAYWEEK","CRASHSEV","VIOLCAT","KILLED","INJURED","WEATHER1","PEDCOL","BICCOL","MCCOL","TRUCKCOL","ETOH","TIMECAT","MONTH_","CRASHTYP","INVOLVE","PED","PRIMARYRD","SECONDRD","DISTANCE","DIRECT","INTERSECT_","PROCDATE","JURIS","DATE_","TIME_","BADGE","JURIDIST","SHIFT","POP","SPECIAL","BEATTYPE","LAPDDIV","BEATCLAS","BEATNUMB","WEATHER2","STATEHW","CALTRANC","CALTRAND","STROUTE","ROUTESUF","POSTPRE","POSTMILE","LOCATYPE","RAMP","SIDEHW","TOWAWAY","PARTIES","PCF","VIOLCODE","VIOL","VIOLSUB","HITRUN","ROADSURF","RDCOND1","RDCOND2","LIGHTING","RIGHTWAY","CHPRDTYP","NOTPRIV","STFAULT","CHPFAULT","SEVINJ","OTHERINJ","COP","PEDKILL","PEDINJ","BICKILL","BICINJ","MCKILL","MCINJURE","RAMP1","RAMP2","CITY","COUNTY","STATE","X_CHP","Y_CHP"
"2943182",-122.023571202,37.367389679,2006,"4316","0","4","4","08",0,1,"B",,,,,,1800,12,"B","C","A","OLD SAN FRANCISCO RD","FAIR OAKS",111,"W","N","2007-04-07",4316,"2006-12-14",1530,"26616","32","5","6","0","0",,"0","003","-","N",,0,0,,,0,,,,"Y",2,"A","-",22107,,"N","A","H","-","A","D","0","Y","A","07",0,0,1,0,0,0,0,0,0,"-","-","SUNNYVALE","SANTA CLARA","CA",0,0
"2943194",-122.037671293,37.3480186462,2006,"4316","0","7","3","03",0,1,"A",,,"Y",,,1200,12,"E","I","A","PRINCE EDWARD WY","CENTRALIA",50,"N","N","2007-04-07",4316,"2006-12-17",1113,"87002","55","5","6","0","0",,"0","005","-","N",,0,0,,,0,,,,"N",1,"A","-",22350,,"N","A","H","-","A","D","0","Y","C","02",0,1,0,0,0,0,0,0,1,"-","-","SUNNYVALE","SANTA CLARA","CA",0,0
"2945295",-121.989358783,37.389356019,2006,"4316","2","3","3","18",0,2,"B",,,,"Y",,1500,11,"B","C","A","RT 101","LAWRENCE EXPWY",1584,"S","N","2007-04-13",9340,"2006-11-01",1235,"14436",,"1","6","0","1",,"2","120","-","Y","SCL",4,101,"-","-",43.56,"H","-","N","Y",2,"C","-",0,,"N","A","H","-","A","D","1","Y","-","-",0,1,1,0,0,0,0,0,0,"-","-","SUNNYVALE","SANTA CLARA","CA",0,0
"2949155",-122.008093054,37.3561058044,2006,"4316","0","3","4","08",0,1,"A",,,,,,1500,12,"D","C","A","POPLAR AV","POPLAR CT",0,,"Y","2007-03-28",4316,"2006-12-20",1435,"15018","43","5","6","0","0",,"0","004","-","N",,0,0,,,0,,,,"Y",2,"A","-",22103,,"N","A","H","-","A","D","0","Y","A","01",0,0,1,0,0,0,0,0,0,"-","-","SUNNYVALE","SANTA CLARA","CA",0,0
"2949163",-122.021380692,37.3729133606,2006,"4316","0","3","3","00",0,1,"A",,"Y",,,,2100,12,"H","A","A","FAIR OAKS","BRYAN",40,"N","N","2007-03-28",4316,"2006-12-20",2012,"87002","34","5","6","0","0",,"0","003","-","N",,0,0,,,0,,,,"N",1,"D","-",0,,"N","A","H","-","C","D","0","Y","-","-",0,1,0,0,0,0,1,0,0,"-","-","SUNNYVALE","SANTA CLARA","CA",0,0
"2949194",-122.017804119,37.355741564,2006,"4316","0","5","4","12",0,1,"A",,,,,,2100,12,"D","C","A","RT 82","MARIA LN",0,,"Y","2007-04-09",4316,"2006-12-22",2024,"97576","61","5","6","0","0",,"0","006","-","Y","SCL",4,82,"-","-",15.602,"I","5","S","Y",2,"A","-",21453,"A","N","A","H","-","C","A","0","Y","A","07",0,0,1,0,0,0,0,0,0,"-","-","SUNNYVALE","SANTA CLARA","CA",0,0
"2965133",-121.997773056,37.391824984,2006,"4316","2","3","4","03",0,1,"A",,,,,,600,12,"C","C","A","RT 101","LAWRENCE EXPWY",50,"S","N","2007-04-18",9340,"2006-12-06",550,"17855",,"3","6","0","1",,"2","120","-","Y","SCL",4,101,"-","-",43.823,"R","1","N","N",2,"A","-",22350,,"N","A","H","-","B","A","1","Y","A","08",0,0,1,0,0,0,0,0,0,"-","-","SUNNYVALE","SANTA CLARA","CA",0,0
"2965161",-122.0217491,37.4039884815,2006,"4316","3","3","4","03",0,1,"A",,,,,,1200,12,"C","C","A","RT 237","MATHILDA AV",950,"E","N","2007-04-18",9340,"2006-12-06",945,"17855",,"1","6","0","1",,"2","220","-","Y","SCL",4,237,"-","-",3.18,"H","-","E","Y",2,"A","-",22350,,"N","A","H","-","A","D","1","Y","A","01",0,0,1,0,0,0,0,0,0,"-","-","SUNNYVALE","SANTA CLARA","CA",0,0
"2967876",-122.019786654,37.3810920715,2006,"4316","0","4","4","03",0,1,"A",,,,,,1800,12,"C","C","A","CENTRAL EXPWY","FAIR OAKS",350,"W","N","2007-04-09",4316,"2006-12-28",1710,"14395","15","5","6","0","0",,"0","001","-","N",,0,0,,,0,,,,"Y",2,"A","-",22350,,"N","A","H","-","B","D","0","Y","A","01",0,0,1,0,0,0,0,0,0,"-","-","SUNNYVALE","SANTA CLARA","CA",0,0
"2967888",-122.021317286,37.3866462708,2006,"4316","0","6","4","01",0,1,"A",,,,,"Y",300,12,"C","D","A","MAUDE","MORSE",27,"E","N","2007-04-12",4316,"2006-12-30",122,"87002","14","5","6","0","0",,"0","001","-","N",,0,0,,,0,,,,"Y",2,"A","-",23152,"A","M","A","H","-","C","D","0","Y","A","01",0,0,1,0,0,0,0,0,0,"-","-","SUNNYVALE","SANTA CLARA","CA",0,0
"2969797",-122.023593061,37.403744984,2006,"4316","3","1","3","03",0,1,"A",,,,,,2100,12,"C","C","A","RT 237","MATHILDA AV",600,"E","N","2007-04-25",9340,"2006-12-04",1820,"01799",,"2","6","0","1",,"2","220","-","Y","SCL",4,237,"-","-",3.13,"H","-","W","Y",2,"A","-",22350,,"N","A","H","-","D","D","1","Y","A","01",0,1,0,0,0,0,0,0,0,"-","-","SUNNYVALE","SANTA CLARA","CA",0,0
"2972291",-121.992423057,37.4106949867,2006,"4316","3","7","3","03",0,2,"A",,,,,,2100,12,"C","C","A","RT 237","LAWRENCE EXPWY",100,"W","N","2007-04-18",9340,"2006-12-17",1910,"01795",,"2","6","0","1",,"2","220","-","Y","SCL",4,237,"-","R",4.841,"R","1","W","N",2,"A","-",22350,,"N","A","H","-","C","D","1","Y","A","01",0,1,1,0,0,0,0,0,0,"T","-","SUNNYVALE","SANTA CLARA","CA",0,0
"2972325",-121.991553055,37.389984984,2006,"4316","2","6","4","03",0,2,"B",,,,,,900,12,"E","I","A","RT 101","LAWRENCE EXPWY",300,"S","N","2007-04-18",9340,"2006-12-09",700,"01778",,"1","6","0","1",,"2","120","-","Y","SCL",4,101,"-","-",43.753,"R","2","N","Y",1,"A","-",22350,,"N","B","H","-","A","D","1","Y","A","01",0,0,2,0,0,0,0,0,0,"T","-","SUNNYVALE","SANTA CLARA","CA",0,0
"2972337",-121.992835301,37.4104330173,2006,"4316","3","5","3","03",0,1,"A",,,,,,300,12,"C","C","A","RT 237","LAWRENCE EXPWY",1300,"E","N","2007-04-18",9340,"2006-12-08",22,"17801",,"3","6","0","1",,"2","230","-","Y","SCL",4,237,"-","R",4.85,"H","-","E","Y",2,"A","-",22350,,"N","A","H","-","D","D","1","Y","A","01",0,1,0,0,0,0,0,0,0,"-","-","SUNNYVALE","SANTA CLARA","CA",0,0
"2972347",-122.050186431,37.3243473878,2006,"4316","3","2","3","08",0,1,"B",,,,,,1200,12,"F","A","A","RT 85","STEVENS CREEK BL",4224,"N","N","2007-04-12",9340,"2006-12-12",1040,"01793",,"1","6","0","1",,"2","085","C","Y","SCL",4,85,"-","R",17.863,"R","2","N","Y",1,"A","-",22107,,"N","B","H","-","A","D","6","Y","A","07",0,1,0,0,0,0,0,0,0,"-","-","SUNNYVALE","SANTA CLARA","CA",0,0
"2972365",-122.012835448,37.395583292,2006,"4316","2","5","3","07",0,2,"B",,,,,,1800,12,"B","C","A","RT 101","FAIR OAKS AV",10,"N","N","2007-04-16",9340,"2006-12-08",1745,"01817",,"2","6","0","1",,"2","120","-","Y","SCL",4,101,"-","-",44.84,"H","-","S","Y",2,"A","-",21658,"A","N","B","H","-","D","D","1","Y","A","01",0,2,0,0,0,0,0,0,0,"-","-","SUNNYVALE","SANTA CLARA","CA",0,0
"2980635",-121.996225935,37.3667106628,2006,"4316","4","7","4","09",0,1,"A",,,,,,1800,12,"D","C","A","LAWRENCE EXPWY","MONROE ST",50,"S","N","2007-04-19",9340,"2006-12-17",1750,"01795",,"2","6","0","2",,"2","610","-","N",,0,0,,,0,,,,"N",2,"A","-",21804,"A","N","A","H","-","C","D","0","Y","A","01",0,0,1,0,0,0,0,0,0,"-","-","SUNNYVALE","SANTA CLARA","CA",0,0
"2983133",-122.013853056,37.3688163757,2007,"4316","0","6","3","12",0,1,"A",,"Y",,,,2100,1,"D","G","A","WOLFE RD","PALO VERDE DR",0,,"Y","2007-04-24",4316,"2007-01-06",1800,"74361",,"5","6","0","0",,"0","004","-","N",,0,0,,,0,,,,"N",2,"A","-",22450,"A","F","A","H","-","A","A","0","Y","A","01",0,1,0,0,0,0,1,0,0,"-","-","SUNNYVALE","SANTA CLARA","CA",0,0
"2983134",-122.030753059,37.3680458069,2007,"4316","0","3","4","09",0,2,"A",,,,,,1500,1,"D","C","A","OLD SAN FRANCISCO RD","CARROLL ST",0,,"Y","2007-04-24",4316,"2007-01-10",1436,"14399","34","5","6","0","0",,"0","003","-","N",,0,0,,,0,,,,"Y",2,"A","-",21804,"A","N","A","H","-","A","A","0","Y","D","22",0,0,2,0,0,0,0,0,0,"-","-","SUNNYVALE","SANTA CLARA","CA",0,0
"2983141",-122.013063057,37.3781967163,2007,"4316","0","1","4","03",0,1,"A",,,,,,2400,1,"C","C","A","CENTRAL EXPWY","WOLFE RD",0,,"Y","2007-04-24",4316,"2007-01-08",2340,"15835","27","5","6","0","0",,"0","002","-","N",,0,0,,,0,,,,"Y",2,"A","-",22350,,"N","A","H","-","C","A","0","Y","A","01",0,0,1,0,0,0,0,0,0,"-","-","SUNNYVALE","SANTA CLARA","CA",0,0
"2983145",-122.014093061,37.410736084,2007,"4316","0","2","4","12",0,1,"A",,,,,,1200,1,"D","C","A","JAVA DR","GENEVA DR",0,,"Y","2007-04-24",4316,"2007-01-09",1116,"13860","20","5","6","0","0",,"0","002","-","N",,0,0,,,0,,,,"N",2,"A","-",21453,"A","N","A","H","-","A","A","0","Y","A","01",0,0,1,0,0,0,0,0,0,"-","-","SUNNYVALE","SANTA CLARA","CA",0,0
"2983166",-122.055565602,37.373742334,2007,"4316","0","6","4","03",0,2,"A",,,,,,2100,1,"C","C","A","RT 82","BERNARDO AV",192,"E","N","2007-05-08",4316,"2007-01-06",1858,"14372","32","5","6","0","0",,"0","003","-","Y","SCL",4,82,"-","-",18.1,"H","-","N","N",2,"A","-",22350,,"N","A","H","-","C","A","0","Y","A","01",0,0,2,0,0,0,0,0,0,"-","-","SUNNYVALE","SANTA CLARA","CA",0,0
"2983169",-122.03624306,37.3717155457,2007,"4316","0","7","4","12",0,1,"A",,,,,,2100,1,"D","C","A","OLIVE AV","MATHILDA AV",0,,"Y","2007-04-24",4316,"2007-01-07",1930,"14175","33","5","6","0","0",,"0","003","-","N",,0,0,,,0,,,,"Y",2,"A","-",21453,"A","N","A","H","-","C","A","0","Y","A","01",0,0,1,0,0,0,0,0,0,"-","-","SUNNYVALE","SANTA CLARA","CA",0,0
"2983177",-122.023419182,37.36668396,2007,"4316","0","2","4","11",0,1,"A","Y",,,,,900,1,"G","B","D","FAIR OAKS","OLD SAN FRANCISCO",250,"S","N","2007-04-24",4316,"2007-01-02",703,"11147","42","5","6","0","0",,"0","004","-","N",,0,0,,,0,,,,"N",2,"A","-",21955,,"N","A","H","-","B","D","0","Y","N","60",0,0,1,0,1,0,0,0,0,"-","-","SUNNYVALE","SANTA CLARA","CA",0,0
"2983193",-122.050183061,37.3595046997,2007,"4316","0","5","3","10",0,1,"A","Y",,,,,1800,1,"G","B","B","REMINGTON DR","MARY AV",0,,"Y","2007-04-24",4316,"2007-01-05",1625,"10551","51","5","6","0","0",,"0","005","-","N",,0,0,,,0,,,,"N",2,"A","-",21950,"A","N","A","H","-","A","A","0","Y","A","08",0,1,0,0,1,0,0,0,0,"-","-","SUNNYVALE","SANTA CLARA","CA",0,0
"2987454",-122.044342707,37.370894902,2007,"4316","0","5","4","03",0,1,"A",,,,,,1500,1,"C","C","A","EL CAMINO REAL","HOLLENBECK AV",1056,"W","N","2007-05-10",4316,"2007-01-12",1405,"13250","52","5","6","0","0",,"0","005","-","Y","SCL",4,82,"-","-",17.46,"H","-","S","Y",2,"A","-",22350,,"F","A","H","-","A","D","0","Y","A","07",0,0,1,0,0,0,0,0,0,"-","-","SUNNYVALE","SANTA CLARA","CA",0,0
"2990196",-121.991333056,37.3978538513,2007,"4316","0","4","4","12",0,1,"A",,,,,,1500,1,"D","C","A","PRESCOTT AV","FAIRWOOD AV",0,,"Y","2007-05-26",4316,"2007-01-11",1334,"86125","25","5","6","0","0",,"0","002","-","N",,0,0,,,0,,,,"Y",2,"A","-",22450,"A","N","A","H","-","A","D","0","Y","A","08",0,0,1,0,0,0,0,0,0,"-","-","SUNNYVALE","SANTA CLARA","CA",0,0
"2993437",-122.03236589,37.399845279,2006,"4316","2","5","2","03",0,1,"B",,,,,,300,12,"C","D","A","RT 101","MATHOLDA AV",1500,"N","N","2007-04-27",9340,"2006-12-15",247,"17801",,"3","6","0","1",,"2","120","-","Y","SCL",4,101,"-","-",45.96,"H","-","S","Y",2,"A","-",22350,,"N","A","H","-","D","D","1","Y","A","01",1,0,0,0,0,0,0,0,0,"-","-","SUNNYVALE","SANTA CLARA","CA",0,0
"2994083",-122.039115407,37.3859672546,2007,"4316","0","5","4","03",0,3,"A",,,,,,900,1,"C","C","A","CENTRAL EXPWY","POTRERO AV",130,"W","N","2007-04-27",4316,"2007-01-19",812,"11145","13","5","6","0","0",,"0","001","-","N",,0,0,,,0,,,,"Y",3,"A","-",22350,,"N","A","H","-","A","D","0","Y","A","01",0,0,3,0,0,0,0,0,0,"-","-","SUNNYVALE","SANTA CLARA","CA",0,0
"2994091",-122.04751659,37.374797821,2007,"4316","0","5","4","08",0,1,"A",,,,,,1200,1,"-","E","A","MARY AV","SUTTER AV",70,"S","N","2007-04-28",4316,"2007-01-12",917,"14374","32","5","6","0","0",,"0","003","-","N",,0,0,,,0,,,,"Y",2,"A","-",22107,,"N","A","H","-","A","D","0","Y","A","01",0,0,1,0,0,0,0,0,0,"-","-","SUNNYVALE","SANTA CLARA","CA",0,0
"2994127",-122.008228453,37.3565177917,2007,"4316","0","7","3","08",0,1,"A",,,,,,2100,1,"E","I","A","POPLAR AV","STARFLOWER CT",225,"S","N","2007-04-28",4316,"2007-01-14",2045,"74361",,"5","6","0","0",,"0","004","-","N",,0,0,,,0,,,,"Y",1,"A","-",22107,,"N","A","H","-","C","D","0","Y","A","01",0,1,0,0,0,0,0,0,0,"-","-","SUNNYVALE","SANTA CLARA","CA",0,0
"2994130",-122.013323061,37.405904984,2007,"4316","0","4","4","12",0,1,"A",,,,,,1800,1,"A","C","A","PERSIAN DR","RT 237",0,,"Y","2007-05-18",4316,"2007-01-18",1620,"14398","21","5","6","0","0",,"0","002","-","Y","SCL",4,237,"-","R",3.84,"R","4","E","N",2,"A","-",22450,"A","N","A","H","-","B","D","0","Y","D","22",0,0,1,0,0,0,0,0,0,"-","E","SUNNYVALE","SANTA CLARA","CA",0,0
"2994134",-122.018854186,37.35682152,2007,"4316","0","5","4","03",0,3,"A",,,,,,1800,1,"C","C","A","RT 82","MARIA LN",450,"W","N","2007-05-10",4316,"2007-01-19",1625,"14398","42","5","6","0","0",,"0","004","-","Y","SCL",4,82,"-","-",15.69,"H","-","N","Y",3,"A","-",22350,,"N","A","H","-","A","D","0","Y","A","01",0,0,3,0,0,0,0,0,0,"-","-","SUNNYVALE","SANTA CLARA","CA",0,0
"2994142",-122.01033306,37.4028358459,2007,"4316","0","3","4","10",0,1,"A","Y",,,,,2100,1,"G","B","B","TASMAN DR","FAIR OAKS AV",0,,"Y","2007-04-28",4316,"2007-01-17",1830,"15835","22","5","6","0","0",,"0","002","-","N",,0,0,,,0,,,,"N",2,"A","-",21950,"A","F","A","H","-","C","A","0","Y","A","07",0,0,1,0,1,0,0,0,0,"-","-","SUNNYVALE","SANTA CLARA","CA",0,0
"2994150",-122.037793063,37.3920555115,2007,"4316","0","5","4","12",0,1,"A",,,,,,1200,1,"A","C","A","MAUDE AV","MARY AV",0,,"Y","2007-04-28",4316,"2007-01-19",1101,"13542","13","5","6","0","0",,"0","001","-","N",,0,0,,,0,,,,"Y",2,"A","-",21453,"A","N","A","H","-","A","A","0","Y","A","08",0,0,1,0,0,0,0,0,0,"-","-","SUNNYVALE","SANTA CLARA","CA",0,0
"2994154",-122.029353061,37.393863678,2007,"4316","0","6","4","01",0,2,"A",,,,,"Y",300,1,"C","C","A","SAN ALESO AV","MATHILDA AV",0,,"Y","2007-04-28",4316,"2007-01-20",110,"15926","1","5","6","0","0",,"0","001","-","N",,0,0,,,0,,,,"N",2,"A","-",23152,"A","N","A","H","-","E","A","0","Y","A","07",0,0,2,0,0,0,0,0,0,"-","-","SUNNYVALE","SANTA CLARA","CA",0,0
"3003142",-121.99611455,37.3909683228,2007,"4316","4","6","4","03",0,2,"A",,,,,,2100,1,"C","C","A","LAWRENCE EXPWY","RT 101",50,"S","N","2007-05-16",9340,"2007-01-06",1845,"17225",,"2","6","0","2",,"2","610","-","N",,0,0,,,0,,,,"Y",3,"A","-",22350,,"N","A","H","-","D","D","0","Y","D","22",0,0,2,0,0,0,0,0,0,"-","-","SUNNYVALE","SANTA CLARA","CA",0,0
"3003182",-122.053221883,37.333077212,2007,"4316","1","4","4","03",0,2,"C",,,,,,900,1,"C","C","A","RT 280","RT 85",320,"S","N","2007-05-31",9340,"2007-01-04",850,"01424",,"1","6","0","1",,"2","282","-","Y","SCL",4,280,"-","-",10.68,"H","-","N","Y",4,"A","-",22350,,"N","B","H","-","A","D","1","Y","A","01",0,0,2,0,0,0,0,0,0,"-","-","SUNNYVALE","SANTA CLARA","CA",0,0
"3005888",-122.033600265,37.3590240479,2007,"4316","0","2","4","03",0,1,"A",,,,,,1200,1,"C","C","A","REMINGTON DR","TILTON AV",5,"W","N","2007-05-22",4316,"2007-01-16",1025,"14184","52","5","6","0","0",,"0","005","-","N",,0,0,,,0,,,,"Y",2,"A","-",22350,,"N","A","H","-","A","A","0","Y","A","01",0,0,1,0,0,0,0,0,0,"-","-","SUNNYVALE","SANTA CLARA","CA",0,0
"3005896",-122.01916383,37.3795814514,2007,"4316","0","5","4","03",0,2,"C",,,,,,2400,1,"C","C","A","FAIR OAKS","CALIFORNIA AV",12,"S","N","2007-05-22",4316,"2007-01-26",2120,"15130","16","5","6","0","0",,"0","001","-","N",,0,0,,,0,,,,"N",2,"A","-",22350,,"N","B","H","-","C","A","0","Y","A","01",0,0,2,0,0,0,0,0,0,"-","-","SUNNYVALE","SANTA CLARA","CA",0,0
"3005904",-122.02247306,37.3870162964,2007,"4316","0","5","4","10",0,1,"C","Y",,,,,2100,1,"D","B","B","MAUDE AV","BAYVIEW AV",0,,"Y","2007-05-22",4316,"2007-01-26",1836,"15841","14","5","6","0","0",,"0","001","-","N",,0,0,,,0,,,,"N",2,"A","-",21950,"A","N","B","H","-","C","A","0","Y","A","01",0,0,1,0,1,0,0,0,0,"-","-","SUNNYVALE","SANTA CLARA","CA",0,0
"3005908",-122.028293059,37.3755264282,2007,"4316","0","6","4","09",0,1,"B",,,,,,1500,1,"D","C","A","WASHINGTON AV","CARROLL ST",0,,"Y","2007-05-22",4316,"2007-01-27",1201,"14461","34","5","6","0","0",,"0","003","-","N",,0,0,,,0,,,,"N",2,"A","-",21804,"A","N","B","H","-","A","A","0","Y","A","01",0,0,1,0,0,0,0,0,0,"-","-","SUNNYVALE","SANTA CLARA","CA",0,0
"3005933",-122.038403061,37.3776664734,2007,"4316","0","5","3","10",0,1,"A","Y",,,,,1200,1,"G","B","B","PASTORIA AV","WASHINGTON AV",0,,"Y","2007-05-16",4316,"2007-01-19",1107,"14374","33","5","6","0","0",,"0","002","-","N",,0,0,,,0,,,,"N",2,"A","-",21950,"A","N","A","H","-","A","A","0","Y","A","01",0,1,0,0,1,0,0,0,0,"-","-","SUNNYVALE","SANTA CLARA","CA",0,0
"3005965",-122.013835931,37.3752746582,2007,"4316","0","5","4","03",0,2,"A",,,,,,900,1,"D","C","A","KIFER RD","WOLFE RD",20,"E","N","2007-05-16",4316,"2007-01-19",857,"11145","27","5","6","0","0",,"0","002","-","N",,0,0,,,0,,,,"Y",3,"A","-",22350,,"N","A","H","-","A","A","0","Y","A","01",0,0,2,0,0,0,0,0,0,"-","-","SUNNYVALE","SANTA CLARA","CA",0,0
"3005969",-122.013063057,37.3781967163,2007,"4316","0","3","4","12",0,1,"A",,,,,,1500,1,"D","C","A","WOLFE RD","CENTRAL EXPWY",0,,"Y","2007-05-16",4316,"2007-01-24",1445,"15837","27","5","6","0","0",,"0","002","-","N",,0,0,,,0,,,,"Y",2,"A","-",21453,"A","N","A","H","-","A","A","0","Y","D","22",0,0,1,0,0,0,0,0,0,"-","-","SUNNYVALE","SANTA CLARA","CA",0,0
"3010758",-122.014111818,37.3533,2007,"4316","0","2","3","08",0,1,"A",,"Y",,,,1800,1,"B","G","A","S WOLFE","EL CAMINO REAL",40,"N","N","2007-05-29",4316,"2007-01-23",1743,"13250","62","5","6","0","0",,"0","006","-","Y","SCL",4,82,"-","-",15.32,"I","6","N","N",2,"A","-",22107,,"N","A","H","-","B","D","0","Y","L","04",0,1,0,0,0,0,1,0,0,"-","-","SUNNYVALE","SANTA CLARA","CA",0,0
"3010762",-122.031833062,37.4018449821,2007,"4316","0","2","4","12",0,1,"A",,,,,,900,1,"D","C","A","MATHILDA","RT 237",110,"N","N","2007-06-04",4316,"2007-01-23",659,"12775","14","5","6","0","0",,"0","001","-","Y","SCL",4,237,"-","-",2.834,"R","4","E","N",2,"A","-",21453,"A","N","A","H","-","C","A","0","Y","A","01",0,0,1,0,0,0,0,0,0,"-","-","SUNNYVALE","SANTA CLARA","CA",0,0
"3016846",-122.052828571,37.3296328489,2007,"4316","3","5","4","03",0,1,"C",,,,,,2100,1,"E","I","A","RT 85","RT 280",480,"S","N","2007-05-18",9340,"2007-01-26",2000,"01825",,"2","6","0","1",,"2","085","-","Y","SCL",4,85,"-","R",18.201,"R","2","N","Y",1,"A","-",22350,,"N","B","H","-","D","D","6","Y","D","22",0,0,1,0,0,0,0,0,0,"T","-","SUNNYVALE","SANTA CLARA","CA",0,0
"3017689",-122.01363031,37.393321991,2007,"4316","0","7","4","08",0,1,"C",,,"Y",,,1800,1,"D","C","A","FAIR OAKS AV","AHWANEE AV",20,"S","N","2007-05-05",4316,"2007-01-28",1518,"12584","11","5","6","0","0",,"0","001","-","N",,0,0,,,0,,,,"N",2,"A","-",22107,,"N","B","H","-","A","A","0","Y","-","-",0,0,1,0,0,0,0,0,1,"-","-","SUNNYVALE","SANTA CLARA","CA",0,0
"3017697",-122.024663058,37.361414979,2007,"4316","0","3","3","09",0,1,"A",,"Y",,,,1800,1,"D","G","A","REMINGTON DR","RT 82",200,"S","N","2007-06-06",4316,"2007-01-24",1529,"14374","61","5","6","0","0",,"0","006","-","Y","SCL",4,82,"-","-",16.16,"I","6","S","N",2,"A","-",21804,"A","N","A","H","-","A","D","0","Y","A","01",0,1,0,0,0,0,1,0,0,"-","-","SUNNYVALE","SANTA CLARA","CA",0,0
"3017780",-122.013846504,37.36668396,2007,"4316","0","7","4","03",0,1,"A",,,,,,2400,2,"C","C","A","S WOLFE RD","OLD SAN FRANCISCO RD",20,"N","N","2007-07-24",4316,"2007-02-04",2112,"14456","41","5","6","0","0",,"0","004","-","N",,0,0,,,0,,,,"Y",2,"A","-",22350,,"F","A","H","-","C","A","0","Y","A","01",0,0,1,0,0,0,0,0,0,"-","-","SUNNYVALE","SANTA CLARA","CA",0,0
"3017784",-122.017339642,37.385093689,2007,"4316","0","7","3","01",0,1,"A",,,,,"Y",1800,2,"D","C","A","FAIROAKS AV","MAUDE AV",85,"S","N","2007-06-06",4316,"2007-02-04",1509,"14314","27","5","6","0","0",,"0","002","-","N",,0,0,,,0,,,,"N",2,"A","-",23153,"A","F","A","H","-","A","A","0","Y","A","01",0,1,0,0,0,0,0,0,0,"-","-","SUNNYVALE","SANTA CLARA","CA",0,0
"3017788",-122.001985751,37.3804931641,2007,"4316","0","7","3","09",0,2,"B",,,,,,1200,2,"D","C","A","ARQUES","SANTA TRINITA AV",300,"W","N","2007-06-06",4316,"2007-02-04",1122,"13860","27","5","6","0","0",,"0","002","-","N",,0,0,,,0,,,,"Y",2,"A","-",21804,"A","N","A","H","-","A","D","0","Y","A","01",0,1,1,0,0,0,0,0,0,"-","-","SUNNYVALE","SANTA CLARA","CA",0,0
"3017823",-122.013455351,37.3783226013,2007,"4316","0","4","4","04",0,1,"A",,,,,,2100,2,"C","C","A","CENTRAL EXPWY","WOLFE RD",123,"W","N","2007-06-04",4316,"2007-02-01",1805,"14314","27","5","6","0","0",,"0","001","-","N",,0,0,,,0,,,,"Y",2,"A","-",21703,,"N","A","H","-","D","A","0","Y","A","01",0,0,1,0,0,0,0,0,0,"-","-","SUNNYVALE","SANTA CLARA","CA",0,0
"3017831",-122.032463058,37.3520584106,2007,"4316","0","4","4","03",0,1,"A",,,,,,1800,2,"C","C","A","SUNNYVALE SARATOGA RD","FREMONT AV",5,"N","N","2007-06-06",4316,"2007-02-01",1717,"14956","52","5","6","0","0",,"0","005","-","N",,0,0,,,0,,,,"N",2,"A","-",22350,,"N","A","H","-","A","A","0","Y","A","01",0,0,1,0,0,0,0,0,0,"-","-","SUNNYVALE","SANTA CLARA","CA",0,0
"3017839",-122.007220524,37.3667526245,2007,"4316","0","4","3","09",0,1,"B",,"Y",,,,900,2,"D","G","A","REED AV","SEQUOIA AV",300,"E","N","2007-06-08",4316,"2007-02-01",821,"15924","44","5","6","0","0",,"0","004","-","N",,0,0,,,0,,,,"N",2,"A","-",21804,"A","N","A","H","-","A","D","0","Y","A","01",0,1,0,0,0,0,1,0,0,"-","-","SUNNYVALE","SANTA CLARA","CA",0,0
"3019682",-122.000263057,37.392334984,2007,"4316","0","6","4","01",0,1,"A",,,,,"Y",2400,2,"C","C","A","LAWRENCE EXPWY","RT 101",60,"N","N","2007-09-24",4316,"2007-02-03",2140,"15926","2","5","6","0","0",,"0","002","-","Y","SCL",4,101,"-","-",43.953,"R","4","S","Y",3,"A","-",23152,"A","F","A","H","-","C","A","0","Y","A","01",0,0,1,0,0,0,0,0,0,"-","-","SUNNYVALE","SANTA CLARA","CA",0,0
"3019690",-122.03199306,37.36769498,2007,"4316","0","5","4","09",0,1,"A",,,,,,2400,2,"D","C","A","RT 82","SUNNYVALE AV",0,,"Y","2007-06-11",4316,"2007-02-02",2153,"15018",,"5","6","0","0",,"0","003","-","Y","SCL",4,82,"-","-",16.762,"I","5","N","Y",2,"A","-",21453,"C","N","A","H","-","C","A","0","Y","A","01",0,0,1,0,0,0,0,0,0,"-","-","SUNNYVALE","SANTA CLARA","CA",0,0
"3021256",-122.019220859,37.4047373819,2007,"4316","3","4","4","03",0,1,"A",,,,,,1800,1,"C","C","A","RT 237","MATHILDA AV",2600,"E","N","2007-05-16",9340,"2007-01-11",1745,"01825",,"2","6","0","1",,"2","220","-","Y","SCL",4,237,"-","R",3.51,"H","-","W","N",2,"A","-",22350,,"F","A","H","-","D","D","1","Y","A","01",0,0,1,0,0,0,0,0,0,"-","-","SUNNYVALE","SANTA CLARA","CA",0,0