"CASEID","POINT_X","POINT_Y","YEAR_","LOCATION","CHPTYPE","DAYWEEK","CRASHSEV","VIOLCAT","KILLED","INJURED","WEATHER1","PEDCOL","BICCOL","MCCOL","TRUCKCOL","ETOH","TIMECAT","MONTH_","CRASHTYP","INVOLVE","PED","PRIMARYRD","SECONDRD","DISTANCE","DIRECT","INTERSECT_","PROCDATE","JURIS","DATE_","TIME_","BADGE","JURIDIST","SHIFT","POP","SPECIAL","BEATTYPE","LAPDDIV","BEATCLAS","BEATNUMB","WEATHER2","STATEHW","CALTRANC","CALTRAND","STROUTE","ROUTESUF","POSTPRE","POSTMILE","LOCATYPE","RAMP","SIDEHW","TOWAWAY","PARTIES","PCF","VIOLCODE","VIOL","VIOLSUB","HITRUN","ROADSURF","RDCOND1","RDCOND2","LIGHTING","RIGHTWAY","CHPRDTYP","NOTPRIV","STFAULT","CHPFAULT","SEVINJ","OTHERINJ","COP","PEDKILL","PEDINJ","BICKILL","BICINJ","MCKILL","MCINJURE","RAMP1","RAMP2","CITY","COUNTY","STATE","X_CHP","Y_CHP"
"3377011",-122.009003058,37.3882865906,2007,"4316","0","2","3","09",0,1,"A",,,,,,1800,9,"D","C","A","DUANE","SAN LUISITO WY",0,,"Y","2008-02-16",4316,"2007-09-18",1735,"87002","26","5","6","0","0",,"0","002","-","N",,0,0,,,0,,,,"Y",2,"A","-",21801,"A","N","A","H","-","A","D","0","Y","A","01",0,1,0,0,0,0,0,0,0,"-","-","SUNNYVALE","SANTA CLARA","CA",0,0
"3377023",-122.022103955,37.372959137,2007,"4316","0","6","4","09",0,1,"B",,"Y",,,,2100,9,"D","G","A","BRYAN AV","WILSON AV",48,"E","N","2008-02-16",4316,"2007-09-22",1926,"14378","34","5","6","0","0",,"0","003","-","N",,0,0,,,0,,,,"N",2,"A","-",21804,"A","N","B","H","-","C","D","0","Y","L","04",0,0,1,0,0,0,1,0,0,"-","-","SUNNYVALE","SANTA CLARA","CA",0,0
"3377113",-122.056932912,37.3720321655,2007,"4316","0","6","3","09",0,1,"A",,"Y",,,,1500,9,"-","G","A","BERNARDO AV","BLAIR AV",65,"S","N","2008-02-18",4316,"2007-09-08",1253,"14344","51","5","6","0","0",,"0","005","-","N",,0,0,,,0,,,,"N",2,"A","-",21804,"A","N","A","H","-","A","D","0","Y","A","01",0,1,0,0,0,0,1,0,0,"-","-","SUNNYVALE","SANTA CLARA","CA",0,0
"3384363",-121.997023057,37.3993148804,2007,"4316","0","2","4","08",0,1,"A",,,,,,900,10,"B","C","A","LAKEBIRD DR","VALELAKE CT",0,,"Y","2008-03-24",4316,"2007-10-09",814,"10551","21","5","6","0","0",,"0","003","-","N",,0,0,,,0,,,,"N",2,"A","-",22107,,"N","A","H","-","A","D","0","Y","I","11",0,0,1,0,0,0,0,0,0,"-","-","SUNNYVALE","SANTA CLARA","CA",0,0
"3387333",-122.025209293,37.3827095032,2007,"4316","0","2","2","03",0,1,"A",,,"Y",,,2100,10,"F","I","A","CENTRAL EXPWY","SUNNYVALE AV",450,"E","N","2008-05-07",4316,"2007-10-02",2031,"14350","13","5","6","0","0",,"0","001","-","N",,0,0,,,0,,,,"Y",1,"A","-",22350,,"N","A","H","-","D","D","0","Y","C","02",1,0,0,0,0,0,0,0,1,"-","-","SUNNYVALE","SANTA CLARA","CA",0,0
"3387353",-122.014134606,37.3574295044,2007,"4316","0","4","3","09",0,2,"A",,,"Y",,,1500,10,"D","C","A","WOLFE RD","MARIA LN",450,"N","N","2008-05-07",4316,"2007-10-04",1223,"10316","42","5","6","0","0",,"0","004","-","N",,0,0,,,0,,,,"Y",2,"A","-",21804,"A","N","A","H","-","A","D","0","Y","A","01",0,1,1,0,0,0,0,0,1,"-","-","SUNNYVALE","SANTA CLARA","CA",0,0
"3387636",-121.995946781,37.3928565979,2007,"4316","0","5","4","04",0,1,"A",,,,"Y",,1200,10,"C","C","A","LAWRENCE EXPWY","LAKEWOOD DR",250,"S","N","2008-03-24",4316,"2007-10-19",905,"10352",,"5","6","0","0",,"0",,"-","N",,0,0,,,0,,,,"Y",4,"A","-",21703,,"N","A","H","-","A","D","0","Y","F","25",0,0,1,0,0,0,0,0,0,"-","-","SUNNYVALE","SANTA CLARA","CA",0,0
"3388783",-122.040343064,37.401784982,2007,"4316","3","5","3","18",0,2,"A",,,"Y",,,2400,9,"E","J","A","RT 237","RT 101",500,"E","N","2008-04-07",9340,"2007-09-07",2335,"01851",,"3","6","0","1",,"2","220","-","Y","SCL",4,101,"-","-",46.254,"R","2","N","Y",1,"C","-",0,,"N","A","H","-","C","D","1","Y","-","-",0,2,0,0,0,0,0,0,2,"T","-","SUNNYVALE","SANTA CLARA","CA",0,0
"3389696",-122.001477025,37.392658991,2007,"4316","2","5","4","08",0,1,"A",,,,,,1500,8,"E","I","A","RT 101","LAWRENCE EXPWY",1040,"N","N","2008-01-24",9340,"2007-08-17",1350,"01839",,"1","6","0","1",,"2","120","-","Y","SCL",4,101,"-","-",44.06,"H","-","S","Y",1,"A","-",22107,,"N","A","H","-","A","D","1","Y","A","07",0,0,1,0,0,0,0,0,0,"-","-","SUNNYVALE","SANTA CLARA","CA",0,0
"3390282",-122.062137731,37.355708983,2007,"4316","3","2","3","03",0,1,"A",,,,,,1800,8,"C","C","A","RT 85","FREMONT AV",1000,"N","N","2008-04-10",9330,"2007-08-28",1620,"01653",,"2","6","0","1",,"2","076","-","Y","SCL",4,85,"-","R",20.04,"H","-","N","Y",2,"A","-",22350,,"N","A","H","-","A","D","1","Y","A","01",0,1,0,0,0,0,0,0,0,"F","-","SUNNYVALE","SANTA CLARA","CA",0,0
"3392454",-122.055755656,37.3755989075,2007,"4316","0","5","4","05",0,1,"A",,"Y",,,,1800,8,"A","G","A","BERNARDO AV","VICENTE DR",76,"S","N","2008-02-09",4316,"2007-08-03",1526,"13542","33","5","6","0","0",,"0","003","-","N",,0,0,,,0,,,,"Y",2,"A","-",21651,"B","N","A","H","-","A","D","0","Y","L","04",0,0,1,0,0,0,1,0,0,"-","-","SUNNYVALE","SANTA CLARA","CA",0,0
"3396086",-121.996003055,37.3806648254,2007,"4316","4","5","4","07",0,2,"A",,,,,,1800,8,"B","C","A","LAWRENCE EXPWY","ARQUES AV",80,"N","N","2008-02-09",9340,"2007-08-17",1700,"01833",,"2","6","0","2",,"2","620","-","N",,0,0,,,0,,,,"Y",2,"A","-",21658,"A","N","A","H","-","A","D","0","Y","A","07",0,0,2,0,0,0,0,0,0,"-","-","SUNNYVALE","SANTA CLARA","CA",0,0
"3397044",-122.024723063,37.4161643982,2007,"4316","0","2","4","12",0,1,"A",,,,,,1200,10,"D","C","A","MATHILDA AV","1ST ST",0,,"Y","2008-03-26",4316,"2007-10-16",1108,"13541","10","5","6","0","0",,"0","001","-","N",,0,0,,,0,,,,"N",2,"A","-",21453,"A","N","A","H","-","A","A","0","Y","A","01",0,0,1,0,0,0,0,0,0,"-","-","SUNNYVALE","SANTA CLARA","CA",0,0
"3397048",-122.013853056,37.3688163757,2007,"4316","0","3","4","09",0,1,"B",,,,,,900,10,"D","C","A","WOLFE RD","PALO VERDE DR",0,,"Y","2008-03-26",4316,"2007-10-17",756,"56593","41","5","6","0","0",,"0","001","-","N",,0,0,,,0,,,,"Y",2,"A","-",21802,"A","N","A","H","-","A","A","0","Y","A","07",0,0,1,0,0,0,0,0,0,"-","-","SUNNYVALE","SANTA CLARA","CA",0,0
"3397072",-122.05054306,37.3520851135,2007,"4316","0","6","3","12",0,1,"A",,"Y",,,,1800,10,"D","G","A","FREMONT AV","MARY",0,,"Y","2008-03-26",4316,"2007-10-20",1600,"14396","53","5","6","0","0",,"0","005","-","N",,0,0,,,0,,,,"N",2,"A","-",21453,"A","N","A","H","-","A","A","0","Y","L","04",0,1,0,0,0,0,1,0,0,"-","-","SUNNYVALE","SANTA CLARA","CA",0,0
"3397083",-122.028361877,37.364472869,2007,"4316","0","7","4","03",0,1,"A",,,,,,1500,10,"C","C","A","RT 82","CEZANNE",40,"E","N","2008-04-25",4316,"2007-10-21",1230,"10044","42","5","6","0","0",,"0","004","-","Y","SCL",4,82,"-","-",16.46,"H","-","S","Y",2,"A","-",22350,,"N","A","H","-","A","D","0","Y","-","-",0,0,1,0,0,0,0,0,0,"-","-","SUNNYVALE","SANTA CLARA","CA",0,0
"3397120",-122.046763062,37.3769950867,2007,"4316","0","6","3","05",0,1,"A",,"Y",,,,2100,10,"D","G","A","MARY AV","MCKINLEY",0,,"Y","2008-03-26",4316,"2007-10-20",1839,"14828",,"5","6","0","0",,"0",,"-","N",,0,0,,,0,,,,"N",2,"A","-",21202,"A","N","A","H","-","B","D","0","Y","L","04",0,1,0,0,0,0,1,0,0,"-","-","SUNNYVALE","SANTA CLARA","CA",0,0
"3398918",-121.999003671,37.4092543926,2007,"4316","3","2","4","04",0,1,"A",,,,,,2100,10,"C","C","A","RT 237","LAWRENCE EXPWY",30,"W","N","2008-04-29",9340,"2007-10-23",1840,"18679",,"2","6","0","1",,"2","220","-","Y","SCL",4,237,"-","R",4.59,"H","-","W","Y",3,"A","-",21703,,"N","A","H","-","B","D","1","Y","A","01",0,0,1,0,0,0,0,0,0,"-","-","SUNNYVALE","SANTA CLARA","CA",0,0
"3402672",-121.995942465,37.4032745361,2007,"4316","0","5","4","03",0,1,"B",,,,,,1200,9,"C","C","A","LAWRENCE EXPWY","TASMAN DR",85,"S","N","2008-02-29",4316,"2007-09-28",1120,"15148","23","5","6","0","0",,"0","002","-","N",,0,0,,,0,,,,"N",3,"A","-",22350,,"N","A","H","-","A","A","0","Y","D","22",0,0,1,0,0,0,0,0,0,"-","-","SUNNYVALE","SANTA CLARA","CA",0,0
"3402686",-122.013966924,37.3706474304,2007,"4316","0","6","4","03",0,2,"B",,,,,,1200,9,"C","C","A","EVELYN AV","WOLFE RD",36,"W","N","2008-02-28",4316,"2007-09-29",1050,"14346",,"5","6","0","0",,"0","004","-","N",,0,0,,,0,,,,"Y",2,"A","-",22350,,"N","A","H","-","A","A","0","Y","A","01",0,0,2,0,0,0,0,0,0,"-","-","SUNNYVALE","SANTA CLARA","CA",0,0
"3402690",-122.021217192,37.3734474182,2007,"4316","0","5","4","-",0,2,"A",,,,,,1500,9,"C","C","A","FAIR OAKS","EVELYN AV",52,"S","N","2008-03-03",4316,"2007-09-28",1352,"14243","34","5","6","0","0",,"0","003","-","N",,0,0,,,0,,,,"Y",3,"-","-",0,,"N","A","H","-","A","A","0","Y","-","-",0,0,2,0,0,0,0,0,0,"-","-","SUNNYVALE","SANTA CLARA","CA",0,0
"3402726",-122.03199306,37.36769498,2007,"4316","0","2","3","12",0,2,"B",,,,,,900,10,"D","C","A","RT 82","SUNNYVALE AV",0,,"Y","2008-04-21",4316,"2007-10-02",645,"11145","42","5","6","0","0",,"0","004","-","Y","SCL",4,82,"-","-",16.762,"I","5","N","Y",2,"A","-",21453,"A","N","A","H","-","B","A","0","Y","A","07",0,1,1,0,0,0,0,0,0,"-","-","SUNNYVALE","SANTA CLARA","CA",0,0
"3402854",-122.032423056,37.3402900696,2007,"4316","0","3","4","03",0,2,"A",,,,,,2100,10,"C","C","A","SUNNYVALE SARATOGA RD","LA CONNER DR",115,"N","N","2008-03-14",4316,"2007-10-03",1915,"14344","52","5","6","0","0",,"0","005","-","N",,0,0,,,0,,,,"Y",3,"A","-",22350,,"N","A","H","-","B","D","0","Y","A","01",0,0,2,0,0,0,0,0,0,"-","-","SUNNYVALE","SANTA CLARA","CA",0,0
"3404445",-122.060083784,37.406374122,2007,"4316","2","5","4","03",0,1,"A",,,,,,1200,9,"C","C","A","RT 101","ELLIS ST",2640,"N","N","2008-03-24",9330,"2007-09-14",950,"01854",,"1","6","0","1",,"2","078","-","Y","SCL",4,101,"-","-",47.55,"H","-","N","N",3,"A","-",22350,,"N","A","H","-","A","D","1","Y","D","22",0,0,1,0,0,0,0,0,0,"-","-","SUNNYVALE","SANTA CLARA","CA",0,0
"3409920",-122.055697527,37.3758201599,2007,"4316","0","3","3","08",0,3,"A",,,,,,1500,10,"D","C","A","BERNARDO AV","VICENTE DR",6,"N","N","2008-03-25",4316,"2007-10-03",1453,"14374","31","5","6","0","0",,"0","003","-","N",,0,0,,,0,,,,"Y",2,"A","-",22103,,"N","A","H","-","A","D","0","Y","A","01",0,1,2,0,0,0,0,0,0,"-","-","SUNNYVALE","SANTA CLARA","CA",0,0
"3413524",-122.00537545,37.352124982,2007,"4316","0","1","4","10",0,1,"B","Y",,,,,2100,10,"G","B","B","RT 82","HENDERSON AV",4,"E","N","2008-04-25",4316,"2007-10-15",1824,"15924","44","5","6","0","0",,"0","004","-","Y","SCL",4,82,"-","-",14.83,"H","-","S","N",2,"A","-",21950,"A","N","A","H","-","A","A","0","Y","A","01",0,0,1,0,1,0,0,0,0,"-","-","SUNNYVALE","SANTA CLARA","CA",0,0
"3413527",-122.026473062,37.4040756226,2007,"4316","0","4","3","12",0,1,"A",,,,,,1800,10,"D","C","A","MATHILDA AV","MOFFETT PARK DR",0,,"Y","2008-03-14",4316,"2007-10-11",1749,"14372","10","5","6","0","0",,"0","001","-","N",,0,0,,,0,,,,"Y",2,"A","-",21453,"A","N","A","H","-","A","A","0","Y","A","01",0,1,0,0,0,0,0,0,0,"-","-","SUNNYVALE","SANTA CLARA","CA",0,0
"3413535",-122.032418676,37.3586120605,2007,"4316","0","4","4","09",0,1,"A",,"Y",,,,1800,10,"D","G","A","SUNNYVALE SARATOGA RD","REMINGTON DR",150,"S","N","2008-03-14",4316,"2007-10-11",1605,"14396","52","5","6","0","0",,"0","005","-","N",,0,0,,,0,,,,"N",2,"A","-",21804,"A","N","A","H","-","A","D","0","Y","A","01",0,0,1,0,0,0,1,0,0,"-","-","SUNNYVALE","SANTA CLARA","CA",0,0
"3413583",-121.991553055,37.389984984,2007,"4316","0","7","4","03",0,2,"A",,,,,,1800,10,"C","C","A","LAWRENCE EXPWY","RT 101",80,"S","N","2008-04-10",4316,"2007-10-07",1645,"14183","24","5","6","0","0",,"0","002","-","Y","SCL",4,101,"-","-",43.753,"R","4","N","Y",2,"A","-",22350,,"N","A","H","-","A","A","0","Y","A","01",0,0,2,0,0,0,0,0,0,"-","N","SUNNYVALE","SANTA CLARA","CA",0,0
"3413587",-122.025204989,37.362111213,2007,"4316","0","1","4","05",0,1,"A",,"Y",,,,1200,10,"D","G","A","RT 82","REMINGTON",250,"W","N","2008-04-25",4316,"2007-10-08",1121,"10043","42","5","6","0","0",,"0","004","-","Y","SCL",4,82,"-","-",16.21,"H","-","N","N",2,"A","-",21202,"A","N","A","H","-","A","A","0","Y","L","04",0,0,1,0,0,0,1,0,0,"-","-","SUNNYVALE","SANTA CLARA","CA",0,0
"3414305",-121.992543057,37.4032440186,2007,"4316","0","6","3","12",0,1,"A",,,,,,1200,9,"D","C","A","TASMAN DR","BIRCHWOOD DR",0,,"Y","2008-03-05",4316,"2007-09-29",955,"74361",,"5","6","0","0",,"0","002","-","N",,0,0,,,0,,,,"N",2,"A","-",21453,"A","N","A","H","-","A","A","0","Y","-","-",0,1,0,0,0,0,0,0,0,"-","-","SUNNYVALE","SANTA CLARA","CA",0,0
"3414520",-121.999967483,37.392254091,2007,"4316","2","3","4","03",0,1,"A",,,,,,1800,10,"C","C","A","RT 101","LAWRENCE EXPWY",500,"N","N","2008-04-28",9340,"2007-10-03",1550,"01722",,"2","6","0","1",,"2","120","-","Y","SCL",4,101,"-","-",43.95,"H","-","S","N",2,"A","-",22350,,"N","A","H","-","A","D","1","Y","A","01",0,0,1,0,0,0,0,0,0,"-","-","SUNNYVALE","SANTA CLARA","CA",0,0
"3414616",-122.001655953,37.4085255564,2007,"4316","3","4","4","03",0,1,"A",,,,,,2100,10,"C","C","A","RT 237","LAWRENCE EXPWY",700,"W","N","2008-04-29",9340,"2007-10-04",1855,"17225",,"2","6","0","1",,"2","220","-","Y","SCL",4,237,"-","R",4.47,"H","-","E","Y",3,"A","-",22350,,"N","A","H","-","A","D","1","Y","A","01",0,0,1,0,0,0,0,0,0,"-","-","SUNNYVALE","SANTA CLARA","CA",0,0
"3416451",-122.038403446,37.401175063,2007,"4316","2","4","4","03",0,1,"A",,,,,,1200,10,"C","C","A","RT 101","RT 237",800,"N","N","2008-04-28",9340,"2007-10-04",900,"16226",,"1","6","0","1",,"2","120","-","Y","SCL",4,101,"-","-",46.28,"H","-","S","N",2,"A","-",22350,,"N","A","H","-","A","D","1","Y","A","01",0,0,1,0,0,0,0,0,0,"-","-","SUNNYVALE","SANTA CLARA","CA",0,0
"3417858",-121.993753644,37.390420269,2007,"4316","2","1","3","03",0,1,"A",,,,,,1800,9,"C","C","A","RT 101","LAWRENCE EXPWY",10,"S","N","2008-03-13",9340,"2007-09-10",1600,"01817",,"2","6","0","1",,"2","120","-","Y","SCL",4,101,"-","-",43.86,"H","-","S","Y",3,"A","-",22350,,"N","A","H","-","A","D","1","Y","A","01",0,1,0,0,0,0,0,0,0,"-","-","SUNNYVALE","SANTA CLARA","CA",0,0
"3418512",-122.044033063,37.3851547241,2007,"4316","0","7","4","12",0,1,"A",,,,,,1200,10,"D","C","A","MARY AV","CALIFORNIA AV",0,,"Y","2008-04-18",4316,"2007-10-21",1151,"10383","13","5","6","0","0",,"0","001","-","N",,0,0,,,0,,,,"Y",2,"A","-",21453,"A","N","A","H","-","A","A","0","Y","A","01",0,0,1,0,0,0,0,0,0,"-","-","SUNNYVALE","SANTA CLARA","CA",0,0
"3418730",-122.007343056,37.3809280396,2007,"4316","0","1","4","03",0,1,"A",,,,,,1800,10,"D","C","A","DE GUIGNE DR","ARQUES AV",5,"N","N","2008-04-17",4316,"2007-10-22",1744,"14372","27","5","6","0","0",,"0","002","-","N",,0,0,,,0,,,,"Y",2,"A","-",22350,,"F","A","H","-","A","A","0","Y","A","01",0,0,1,0,0,0,0,0,0,"-","-","SUNNYVALE","SANTA CLARA","CA",0,0
"3418762",-122.032233056,37.3430252075,2007,"4316","0","4","3","10",0,1,"A","Y",,,,,2400,10,"G","B","B","SUNNYVALE SARATOGA RD","HARWICK WY",0,,"Y","2008-04-17",4316,"2007-10-25",2125,"15924","62","5","6","0","0",,"0","006","-","N",,0,0,,,0,,,,"N",2,"A","-",21950,"A","N","A","H","-","C","A","0","Y","A","01",0,1,0,0,1,0,0,0,0,"-","-","SUNNYVALE","SANTA CLARA","CA",0,0
"3418786",-122.013785629,37.3924369812,2007,"4316","0","2","4","09",0,2,"A",,,,,,1800,10,"D","C","A","FAIR OAKS AV","ARCADIA TER",26,"S","N","2008-04-17",4316,"2007-10-23",1644,"14553","12","5","6","0","0",,"0","001","-","N",,0,0,,,0,,,,"Y",2,"A","-",21804,"A","N","A","H","-","A","D","0","Y","A","07",0,0,2,0,0,0,0,0,0,"-","-","SUNNYVALE","SANTA CLARA","CA",0,0
"3419250",-122.017760688,37.396654503,2007,"4316","2","1","2","08",0,1,"A",,,,,,1200,9,"E","I","A","RT 101","FAIR OAKS AV",300,"N","N","2008-04-07",9340,"2007-09-17",945,"01797",,"1","6","0","1",,"2","120","-","Y","SCL",4,101,"-","-",44.99,"H","-","S","Y",1,"A","-",22107,,"N","A","H","-","A","D","1","Y","A","01",1,0,0,0,0,0,0,0,0,"-","-","SUNNYVALE","SANTA CLARA","CA",0,0
"3422576",-122.034138488,37.3777999878,2007,"4316","0","7","3","01",0,1,"A",,,,,"Y",300,10,"E","I","A","MATHILDA AV","WASHINGTON AV",356,"N","N","2008-04-17",4316,"2007-10-07",152,"14374","33","5","6","0","0",,"0","003","-","N",,0,0,,,0,,,,"Y",1,"A","-",23152,"A","N","A","H","-","C","D","0","Y","A","01",0,1,0,0,0,0,0,0,0,"-","-","SUNNYVALE","SANTA CLARA","CA",0,0
"3425580",-121.996005367,37.3853759766,2007,"4316","4","1","3","03",0,2,"A",,,,,,2100,9,"C","C","A","LAWRENCE EXPWY","OAKMEAD PKWY",528,"S","N","2008-04-28",9340,"2007-09-17",2015,"01817",,"2","6","0","2",,"2","620","-","N",,0,0,,,0,,,,"Y",3,"A","-",22350,,"N","A","H","-","C","D","0","Y","A","08",0,1,1,0,0,0,0,0,0,"-","-","SUNNYVALE","SANTA CLARA","CA",0,0
"3427895",-122.030594405,37.3562240601,2007,"4316","0","4","1","03",1,0,"A","Y",,,,,900,10,"G","B","D","CRESCENT AV","GRECO AV",91,"W","N","2008-07-09",4316,"2007-10-11",820,"11145","61","5","6","0","0",,"0","006","-","N",,0,0,,,0,,,,"N",2,"A","-",22350,,"N","A","H","-","A","D","0","Y","A","01",0,0,0,1,0,0,0,0,0,"-","-","SUNNYVALE","SANTA CLARA","CA",0,0
"3428163",-122.036263063,37.400694982,2007,"4316","2","6","3","03",0,3,"B",,,,,,1500,9,"E","I","A","RT 101","RT 237",100,"S","N","2008-05-02",9340,"2007-09-22",1310,"01842",,"1","6","0","1",,"2","120","-","Y","SCL",4,101,"-","-",46.111,"R","2","S","Y",1,"A","-",22350,,"N","B","H","-","A","D","1","Y","-","-",0,2,1,0,0,0,0,0,0,"-","-","SUNNYVALE","SANTA CLARA","CA",0,0
"3428287",-121.996000541,37.3812980652,2007,"4316","4","2","4","03",0,1,"A",,,,,,2100,10,"C","C","A","LAWRENCE EXPWY","ARQUES AV",310,"N","N","2008-04-01",9340,"2007-10-02",1930,"18108",,"2","6","0","2",,"2","620","-","N",,0,0,,,0,,,,"Y",2,"A","-",22350,,"N","A","H","-","C","D","0","Y","A","01",0,0,1,0,0,0,0,0,0,"-","-","SUNNYVALE","SANTA CLARA","CA",0,0
"3431297",-122.032563625,37.400084627,2007,"4316","2","4","4","03",0,1,"-",,,,,,1800,10,"C","C","A","RT 101","RT 237",528,"S","N","2008-05-05",9340,"2007-10-04",1715,"01851",,"2","6","0","1",,"2","120","-","Y","SCL",4,101,"-","-",46.03,"H","-","N","N",2,"A","-",22350,,"N","-","-","-","-","D","1","Y","-","-",0,0,1,0,0,0,0,0,0,"-","-","SUNNYVALE","SANTA CLARA","CA",0,0
"3434353",-122.013861133,37.378452301,2007,"4316","0","7","4","03",0,1,"A",,,,,,1800,11,"C","C","A","CENTRAL EXPWY","WOLFE RD",250,"W","N","2008-05-21",4316,"2007-11-11",1642,"13877","27","5","6","0","0",,"0","002","-","N",,0,0,,,0,,,,"N",2,"A","-",22350,,"N","A","H","-","A","D","0","Y","A","01",0,0,1,0,0,0,0,0,0,"-","-","SUNNYVALE","SANTA CLARA","CA",0,0
"3434361",-122.033060925,37.36824068,2007,"4316","0","1","4","08",0,2,"A",,,,,,1200,11,"-","C","A","RT 82","MURPHY AV",25,"W","N","2008-05-28",4316,"2007-11-12",1036,"10314","52","5","6","0","0",,"0","005","-","Y","SCL",4,82,"-","-",16.83,"H","-","N","N",2,"A","-",22107,,"N","A","H","-","A","A","0","Y","A","01",0,0,2,0,0,0,0,0,0,"-","-","SUNNYVALE","SANTA CLARA","CA",0,0
"3434377",-122.032443056,37.3430252075,2007,"4316","0","1","4","12",0,2,"A",,,,,,2100,11,"D","C","A","SUNNYVALE SARATOGA RD","ALBERTA AV",0,,"Y","2008-06-09",4316,"2007-11-12",1904,"15838","62","5","6","0","0",,"0","006","-","N",,0,0,,,0,,,,"Y",2,"A","-",21453,"A","N","A","-","-","C","A","0","Y","A","01",0,0,2,0,0,0,0,0,0,"-","-","SUNNYVALE","SANTA CLARA","CA",0,0
"3434381",-122.017903055,37.355824979,2007,"4316","0","7","4","04",0,1,"A",,,,,,1800,11,"C","C","A","RT 82","MARIA LN",35,"W","N","2008-05-28",4316,"2007-11-11",1725,"14399","62","5","6","0","0",,"0","006","-","Y","SCL",4,82,"-","-",15.61,"H","-","S","Y",2,"A","-",21703,,"N","A","H","-","B","A","0","Y","A","01",0,0,1,0,0,0,0,0,0,"-","-","SUNNYVALE","SANTA CLARA","CA",0,0
"3434389",-122.04851306,37.3520965576,2007,"4316","0","3","4","08",0,1,"A",,,,,,1800,11,"E","I","A","FREMONT AV","WARNER AV",0,,"Y","2008-05-21",4316,"2007-11-14",1734,"10329","52","5","6","0","0",,"0","005","-","N",,0,0,,,0,,,,"Y",1,"A","-",22107,,"N","A","H","-","B","B","0","Y","A","01",0,0,1,0,0,0,0,0,0,"-","-","SUNNYVALE","SANTA CLARA","CA",0,0
"3437370",-122.021646377,37.397704747,2007,"4316","2","1","3","07",0,1,"A",,,"Y",,,900,10,"B","C","A","RT 101","MATHILDA AV",1520,"S","N","2008-05-08",9340,"2007-10-29",849,"18562",,"1","6","0","1",,"2","120","-","Y","SCL",4,101,"-","-",45.39,"H","-","N","Y",2,"A","-",21658,"A","N","A","H","-","A","D","1","Y","A","07",0,1,0,0,0,0,0,0,1,"-","-","SUNNYVALE","SANTA CLARA","CA",0,0
"3437380",-122.017858221,37.396676229,2007,"4316","2","1","4","03",0,3,"A",,,,,,600,10,"C","C","A","RT 101","FAIR OAKS AV",900,"N","N","2008-05-02",9340,"2007-10-08",333,"01821",,"3","6","0","1",,"2","120","-","Y","SCL",4,101,"-","-",45,"H","-","S","Y",3,"A","-",22350,,"F","A","H","-","D","D","1","Y","-","-",0,0,3,0,0,0,0,0,0,"-","-","SUNNYVALE","SANTA CLARA","CA",0,0
"3437436",-121.991553055,37.389984984,2007,"4316","2","5","4","08",0,1,"A",,,,,,2100,10,"E","I","A","RT 101","LAWRENCE EXPWY",400,"S","N","2008-06-03",9340,"2007-10-26",1822,"01810",,"2","6","0","1",,"2","120","-","Y","SCL",4,101,"-","-",43.753,"R","2","N","Y",1,"A","-",22107,,"N","A","H","-","C","D","1","Y","A","01",0,0,1,0,0,0,0,0,0,"-","-","SUNNYVALE","SANTA CLARA","CA",0,0
"3437689",-121.995824725,37.3379325867,2007,"4316","4","7","4","07",0,1,"A",,,,,,2100,8,"B","C","A","LAWRENCE EXPWY","HOMESTEAD RD",50,"N","N","2008-01-12",9340,"2007-08-19",2025,"01839",,"2","6","0","2",,"2","610","-","N",,0,0,,,0,,,,"N",2,"A","-",21658,"A","N","A","H","-","C","D","0","Y","A","08",0,0,1,0,0,0,0,0,0,"-","-","SUNNYVALE","SANTA CLARA","CA",0,0
"3438421",-122.014223054,37.3454360962,2007,"4316","0","2","4","01",0,1,"A",,,,,"Y",2100,10,"A","C","A","S WOLFE","MARION WY",0,,"Y","2008-04-26",4316,"2007-10-30",1903,"10383","62","5","6","0","0",,"0","006","-","N",,0,0,,,0,,,,"Y",4,"A","-",23153,"A","F","A","H","-","C","A","0","Y","A","01",0,0,1,0,0,0,0,0,0,"-","-","SUNNYVALE","SANTA CLARA","CA",0,0
"3438425",-122.012023057,37.3809356689,2007,"4316","0","5","4","08",0,1,"A",,"Y",,,"Y",1200,10,"B","G","A","WOLFE RD","ARQUES AV",0,,"Y","2008-04-26",4316,"2007-10-19",918,"13542","27","5","6","0","0",,"0","002","-","N",,0,0,,,0,,,,"N",2,"A","-",22107,,"M","A","H","-","A","A","0","Y","A","01",0,0,1,0,0,0,1,0,0,"-","-","SUNNYVALE","SANTA CLARA","CA",0,0
"3438453",-122.014233053,37.3411483765,2007,"4316","0","3","4","03",0,2,"A",,,,,,2100,10,"C","C","A","WOLFE RD","INVERNESS AV",90,"S","N","2008-04-26",4316,"2007-10-31",1854,"14553","62","5","6","0","0",,"0","006","-","N",,0,0,,,0,,,,"Y",3,"A","-",22350,,"N","A","H","-","C","D","0","Y","A","01",0,0,2,0,0,0,0,0,0,"-","-","SUNNYVALE","SANTA CLARA","CA",0,0
"3438457",-121.995700997,37.3936309814,2007,"4316","0","2","4","03",0,2,"A",,,,,,2100,10,"C","C","A","LAWRENCE EXPWY","BRIDGEWOOD",24,"N","N","2008-04-26",4316,"2007-10-30",1930,"14458","25","5","6","0","0",,"0","002","-","N",,0,0,,,0,,,,"Y",3,"A","-",22350,,"N","A","H","-","C","A","0","Y","I","09",0,0,2,0,0,0,0,0,0,"-","-","SUNNYVALE","SANTA CLARA","CA",0,0