"CASEID","POINT_X","POINT_Y","YEAR_","LOCATION","CHPTYPE","DAYWEEK","CRASHSEV","VIOLCAT","KILLED","INJURED","WEATHER1","PEDCOL","BICCOL","MCCOL","TRUCKCOL","ETOH","TIMECAT","MONTH_","CRASHTYP","INVOLVE","PED","PRIMARYRD","SECONDRD","DISTANCE","DIRECT","INTERSECT_","PROCDATE","JURIS","DATE_","TIME_","BADGE","JURIDIST","SHIFT","POP","SPECIAL","BEATTYPE","LAPDDIV","BEATCLAS","BEATNUMB","WEATHER2","STATEHW","CALTRANC","CALTRAND","STROUTE","ROUTESUF","POSTPRE","POSTMILE","LOCATYPE","RAMP","SIDEHW","TOWAWAY","PARTIES","PCF","VIOLCODE","VIOL","VIOLSUB","HITRUN","ROADSURF","RDCOND1","RDCOND2","LIGHTING","RIGHTWAY","CHPRDTYP","NOTPRIV","STFAULT","CHPFAULT","SEVINJ","OTHERINJ","COP","PEDKILL","PEDINJ","BICKILL","BICINJ","MCKILL","MCINJURE","RAMP1","RAMP2","CITY","COUNTY","STATE","X_CHP","Y_CHP"
"3658574",-121.985827921,37.3740386963,2008,"4316","0","5","4","01",0,1,"A",,,,,"Y",300,3,"E","I","A","KIFER","CORVIN",600,"E","N","2008-10-08",4316,"2008-03-21",45,"14956","29","5","6","0","0",,"0","002","-","N",,0,0,,,0,,,,"Y",1,"A","-",23152,"A","N","A","H","-","C","D","0","Y","A","01",0,0,1,0,0,0,0,0,0,"-","-","SUNNYVALE","SANTA CLARA","CA",0,0
"3658586",-122.02615306,37.3882255554,2008,"4316","0","6","4","09",0,1,"A",,,,,,1200,3,"A","C","A","MAUDE AV","MURPHY AV",0,,"Y","2008-10-21",4316,"2008-03-22",908,"13974","14","5","6","0","0",,"0","001","-","N",,0,0,,,0,,,,"N",2,"A","-",21801,"A","N","A","H","-","A","D","0","Y","A","01",0,0,1,0,0,0,0,0,0,"-","-","SUNNYVALE","SANTA CLARA","CA",0,0
"3659707",-122.03449306,37.376865387,2008,"4316","0","3","4","03",0,1,"B",,,,,,1800,3,"C","C","A","MATHILDA","WASHINGTON",0,,"Y","2008-09-29",4316,"2008-03-26",1751,"14659","34","5","6","0","0",,"0","003","-","N",,0,0,,,0,,,,"Y",2,"A","-",22350,,"N","A","H","-","A","A","0","Y","-","-",0,0,1,0,0,0,0,0,0,"-","-","SUNNYVALE","SANTA CLARA","CA",0,0
"3659711",-122.009003058,37.3882865906,2008,"4316","0","1","3","03",0,1,"A",,,,,,1800,3,"C","C","A","DUANE","SAN LUISITO",0,,"Y","2008-09-29",4316,"2008-03-31",1643,"14243",,"5","6","0","0",,"0","002","-","N",,0,0,,,0,,,,"Y",2,"A","-",22350,,"N","A","H","-","A","D","0","Y","A","01",0,1,0,0,0,0,0,0,0,"-","-","SUNNYVALE","SANTA CLARA","CA",0,0
"3659741",-122.034427822,37.3770446777,2008,"4316","0","3","4","01",0,1,"B",,,,,"Y",2100,3,"A","I","A","MATHILDA AV","WASHINGTON AV",68,"N","N","2008-09-29",4316,"2008-03-26",2017,"13877","33","5","6","0","0",,"0","003","-","N",,0,0,,,0,,,,"N",1,"A","-",23152,"A","N","A","H","-","C","D","0","Y","A","01",0,0,1,0,0,0,0,0,0,"-","-","SUNNYVALE","SANTA CLARA","CA",0,0
"3659745",-122.033137746,37.368106854,2008,"4316","0","2","4","03",0,2,"A",,,,,,2100,3,"C","C","A","EL CAMINO REAL","SUNNYVALE SARATOGA",360,"W","N","2008-11-13",4316,"2008-03-18",1824,"14659","52","5","6","0","0",,"0","005","-","Y","SCL",4,82,"-","-",16.83,"H","-","S","N",2,"A","-",22350,,"N","A","H","-","A","A","0","Y","A","01",0,0,2,0,0,0,0,0,0,"-","-","SUNNYVALE","SANTA CLARA","CA",0,0
"3660817",-122.002137603,37.4084231085,2008,"4316","3","1","4","03",0,2,"A",,,,,,1800,3,"C","C","A","RT 237","LAWRENCE EXPWY",800,"W","N","2008-11-12",9340,"2008-03-17",1715,"01722",,"2","6","0","1",,"2","220","-","Y","SCL",4,237,"-","R",4.45,"H","-","E","Y",3,"A","-",22350,,"N","A","H","-","A","D","1","Y","A","01",0,0,2,0,0,0,0,0,0,"-","-","SUNNYVALE","SANTA CLARA","CA",0,0
"3661042",-122.030081087,37.3917274475,2008,"4316","0","2","4","03",0,2,"A",,,,,,1800,4,"C","C","A","MATHILDA AV","DEL REY AV",90,"S","N","2008-10-25",4316,"2008-04-01",1742,"13877","13","5","6","0","0",,"0","001","-","N",,0,0,,,0,,,,"N",3,"A","-",22350,,"N","A","H","-","A","D","0","Y","A","01",0,0,2,0,0,0,0,0,0,"-","-","SUNNYVALE","SANTA CLARA","CA",0,0
"3661101",-122.048717473,37.3711051941,2008,"4316","0","3","3","05",0,1,"B",,"Y",,,,1800,4,"D","G","A","MARY","EL CAMINO REAL",260,"S","N","2008-10-25",4316,"2008-04-02",1755,"14547","52","5","6","0","0",,"0","005","-","N",,0,0,,,0,,,,"N",2,"A","-",21202,"A","N","A","H","-","A","D","0","Y","L","04",0,1,0,0,0,0,1,0,0,"-","-","SUNNYVALE","SANTA CLARA","CA",0,0
"3667140",-121.995816961,37.3919181824,2008,"4316","0","7","3","03",0,1,"A",,,,,"Y",300,3,"C","C","A","LAWRENCE EXPWY","BRIDGEWOOD",600,"S","N","2008-10-09",4316,"2008-03-16",227,"14956","24","5","6","0","0",,"0","002","-","N",,0,0,,,0,,,,"N",2,"A","-",22350,,"N","A","H","-","C","A","0","Y","A","01",0,1,0,0,0,0,0,0,0,"-","-","SUNNYVALE","SANTA CLARA","CA",0,0
"3667188",-122.014749385,37.3787345886,2008,"4316","0","4","4","03",0,1,"A",,,,,,1200,3,"C","C","A","CENTRAL EXPWY","WOLFE",528,"W","N","2008-10-29",4316,"2008-03-20",905,"14659","27","5","6","0","0",,"0","002","-","N",,0,0,,,0,,,,"Y",2,"A","-",22350,,"N","A","H","-","A","D","0","Y","A","01",0,0,1,0,0,0,0,0,0,"W","-","SUNNYVALE","SANTA CLARA","CA",0,0
"3670141",-122.041080038,37.37024111,2008,"4316","0","3","3","05",0,1,"A",,,,,,1800,3,"E","I","A","EL CAMINO REAL","PASTORIA AV",100,"S","N","2008-10-20",4316,"2008-03-19",1635,"86125","33","5","6","0","0",,"0","003","-","Y","SCL",4,82,"-","-",17.28,"H","-","N","Y",1,"A","-",21651,"A","N","A","H","-","A","D","0","Y","A","08",0,1,0,0,0,0,0,0,0,"-","-","SUNNYVALE","SANTA CLARA","CA",0,0
"3670149",-122.003343305,37.35231612,2008,"4316","0","2","3","04",0,1,"A",,,,,,2100,3,"C","C","A","EL CAMINO REAL","SYCAMORE TER",5,"W","N","2008-10-30",4316,"2008-03-25",1923,"14372","44","5","6","0","0",,"0","004","-","Y","SCL",4,82,"-","-",14.72,"H","-","N","N",2,"A","-",21703,,"N","A","H","-","B","D","0","Y","D","22",0,1,0,0,0,0,0,0,0,"-","-","SUNNYVALE","SANTA CLARA","CA",0,0
"3670153",-122.03199306,37.36769498,2008,"4316","0","3","4","12",0,1,"B",,,,,,2100,3,"A","C","A","EL CAMINO REAL","SUNNYVALE AV",0,,"Y","2008-10-30",4316,"2008-03-26",1948,"14231","52","5","6","0","0",,"0","005","-","Y","SCL",4,82,"-","-",16.762,"I","5","N","Y",2,"A","-",21453,"A","N","A","H","-","C","A","0","Y","A","01",0,0,1,0,0,0,0,0,0,"-","-","SUNNYVALE","SANTA CLARA","CA",0,0
"3670157",-122.010071818,37.3521,2008,"4316","0","4","3","21",0,1,"A",,,,,,1800,3,"E","I","A","NORMAN","EL CAMINO REAL",8,"S","N","2008-10-30",4316,"2008-03-27",1616,"15143","63","5","6","0","0",,"0","006","-","Y","SCL",4,82,"-","-",14.991,"I","6","S","Y",1,"A","-",22106,,"N","A","H","-","A","D","0","Y","A","01",0,1,0,0,0,0,0,0,0,"-","-","SUNNYVALE","SANTA CLARA","CA",0,0
"3670766",-122.027676118,37.399023246,2008,"4316","2","3","4","03",0,1,"A",,,,,,1200,3,"C","C","A","RT 101","MATHILDA AV",20,"S","N","2008-11-05",9340,"2008-03-26",1030,"01778",,"1","6","0","1",,"2","120","-","Y","SCL",4,101,"-","-",45.67,"H","-","N","N",2,"A","-",22350,,"N","A","H","-","A","D","1","Y","A","01",0,0,1,0,0,0,0,0,0,"-","-","SUNNYVALE","SANTA CLARA","CA",0,0
"3676070",-121.989660367,37.389252816,2008,"4316","2","7","4","03",0,1,"A",,,,,,1500,3,"C","C","A","RT 101","LAWRENCE EXPWY",1500,"S","N","2008-11-13",9340,"2008-03-16",1250,"01778",,"1","6","0","1",,"2","120","-","Y","SCL",4,101,"-","-",43.58,"H","-","S","Y",5,"A","-",22350,,"N","A","H","-","A","D","1","Y","A","07",0,0,1,0,0,0,0,0,0,"-","-","SUNNYVALE","SANTA CLARA","CA",0,0
"3679068",-121.999263637,37.3377952576,2008,"4316","0","2","4","05",0,2,"A",,"Y",,,,900,4,"H","A","A","HOMESTEAD","LAWRENCE EXPWY",1000,"W","N","2008-10-21",4316,"2008-04-22",826,"12743","63","5","6","0","0",,"0","006","-","N",,0,0,,,0,,,,"N",2,"A","-",21202,"A","N","A","H","-","A","A","0","Y","L","04",0,0,2,0,0,0,0,0,0,"-","-","SUNNYVALE","SANTA CLARA","CA",0,0
"3683956",-122.022333062,37.4039949838,2008,"4316","0","7","3","12",0,3,"A",,,,,,1800,4,"D","C","A","MATHILDA AV","RT 237",0,,"Y","2008-11-26",4316,"2008-04-13",1517,"13542","10","5","6","0","0",,"0","001","-","Y","SCL",4,237,"-","-",3.181,"R","4","W","Y",2,"A","-",21453,"A","N","A","H","-","A","A","0","Y","A","01",0,1,2,0,0,0,0,0,0,"-","-","SUNNYVALE","SANTA CLARA","CA",0,0
"3683960",-122.050237184,37.372170527,2008,"4316","0","7","3","11",0,1,"A","Y",,,,"Y",300,4,"G","B","D","RT 82","MARY",528,"E","N","2009-01-07",4316,"2008-04-13",201,"15030","52","5","6","0","0",,"0","005","-","Y","SCL",4,82,"-","-",17.79,"H","-","S","N",2,"A","-",21955,,"F","A","H","-","C","D","0","Y","A","07",0,1,0,0,1,0,0,0,0,"-","-","SUNNYVALE","SANTA CLARA","CA",0,0
"3683968",-122.040902858,37.37019306,2008,"4316","0","1","3","09",0,1,"A","Y",,,,,1500,4,"B","C","F","RT 82","PASTORIA AV",50,"W","N","2009-01-07",4316,"2008-04-14",1448,"15839","33","5","6","0","0",,"0","003","-","Y","SCL",4,82,"-","-",17.27,"H","-","N","Y",3,"A","-",21453,"B","N","A","H","-","A","A","0","Y","A","08",0,1,0,0,1,0,0,0,0,"-","-","SUNNYVALE","SANTA CLARA","CA",0,0
"3683972",-122.00539869,37.352300332,2008,"4316","0","1","4","12",0,1,"A",,,,,,2100,4,"D","C","A","HENDERSON AV","RT 82",0,,"Y","2009-01-07",4316,"2008-04-14",1914,"15143","43","5","6","0","0",,"0","004","-","Y","SCL",4,82,"-","-",14.832,"I","5","N","N",2,"A","-",21453,"A","N","A","H","-","A","A","0","Y","A","01",0,0,1,0,0,0,0,0,0,"-","-","SUNNYVALE","SANTA CLARA","CA",0,0
"3683992",-122.014213054,37.3521842957,2008,"4316","0","7","4","12",0,1,"A",,,,,,1200,4,"D","C","A","WOLFE","FREMONT",0,,"Y","2008-12-18",4316,"2008-04-13",1144,"12746","62","5","6","0","0",,"0","006","-","N",,0,0,,,0,,,,"Y",2,"A","-",21453,"A","N","A","H","-","A","A","0","Y","A","01",0,0,1,0,0,0,0,0,0,"-","-","SUNNYVALE","SANTA CLARA","CA",0,0
"3686433",-122.060031454,37.3469742493,2008,"4316","3","3","4","08",0,1,"A",,,,,,1500,3,"E","I","A","RT 85","FREMONT AV",1000,"S","N","2008-11-13",9340,"2008-03-26",1305,"14283",,"1","6","0","1",,"2","085","-","Y","SCL",4,85,"-","R",19.57,"H","-","S","Y",1,"A","-",22107,,"N","A","H","-","A","D","6","Y","A","01",0,0,1,0,0,0,0,0,0,"-","-","SUNNYVALE","SANTA CLARA","CA",0,0
"3689533",-122.005399696,37.3883705139,2008,"4316","0","1","3","11",0,1,"A","Y",,,,,1500,4,"G","B","D","DUANE ST","SAN PEDRO",31,"W","-","2008-10-16",4316,"2008-04-07",1431,"45148","26","5","6","0","0",,"0","002","-","N",,0,0,,,0,,,,"N",2,"A","-",21954,"A","N","A","H","-","A","D","0","Y","N","60",0,1,0,0,1,0,0,0,0,"-","-","SUNNYVALE","SANTA CLARA","CA",0,0
"3689541",-122.056094055,37.3375053406,2008,"4316","0","5","4","04",0,1,"A",,,,,,1500,4,"C","C","A","HOMESTEAD","WRIGHT AV",320,"W","N","2008-10-16",4316,"2008-04-04",1448,"86125","53","5","6","0","0",,"0","005","-","N",,0,0,,,0,,,,"Y",3,"A","-",21703,,"N","A","H","-","A","D","0","Y","A","01",0,0,1,0,0,0,0,0,0,"-","-","SUNNYVALE","SANTA CLARA","CA",0,0
"3689557",-122.04725583,37.3755569458,2008,"4316","0","2","4","03",0,2,"A",,,,,,1200,4,"C","C","A","MARY AV","IOWA AV",25,"S","N","2008-10-16",4316,"2008-04-01",1120,"11145","33","5","6","0","0",,"0","003","-","N",,0,0,,,0,,,,"N",2,"A","-",22350,,"N","A","H","-","A","A","0","Y","D","22",0,0,2,0,0,0,0,0,0,"-","-","SUNNYVALE","SANTA CLARA","CA",0,0
"3689565",-122.055072745,37.352230072,2008,"4316","0","4","3","01",0,1,"A",,"Y",,,"Y",2400,4,"H","G","A","WRIGHT","FREMONT",60,"W","N","2008-10-16",4316,"2008-04-03",2106,"14659","51","5","6","0","0",,"0","005","-","N",,0,0,,,0,,,,"N",1,"A","-",21200,"5","N","A","H","-","D","D","0","Y","L","04",0,1,0,0,0,0,1,0,0,"-","-","SUNNYVALE","SANTA CLARA","CA",0,0
"3689569",-122.015353059,37.3880844116,2008,"4316","0","6","4","09",0,1,"A",,,,,,900,4,"A","C","A","FAIR OAKS AV","CYPRESS AV",0,,"Y","2008-10-16",4316,"2008-04-05",854,"15950","27","5","6","0","0",,"0","002","-","N",,0,0,,,0,,,,"Y",2,"A","-",21801,"A","N","A","H","-","A","D","0","Y","A","01",0,0,1,0,0,0,0,0,0,"-","-","SUNNYVALE","SANTA CLARA","CA",0,0
"3689573",-122.023406286,37.3823356628,2008,"4316","0","5","3","08",0,1,"B",,,,,,300,4,"F","I","A","CENTRAL EXPWY","MORSE",160,"W","N","2008-10-22",4316,"2008-04-04",234,"10546","15","5","6","0","0",,"0","001","-","N",,0,0,,,0,,,,"Y",1,"A","-",22107,,"N","A","H","-","D","D","0","Y","A","01",0,1,0,0,0,0,0,0,0,"-","-","SUNNYVALE","SANTA CLARA","CA",0,0
"3690965",-122.030003061,37.3919639587,2008,"4316","0","2","4","09",0,1,"A",,,,,,2100,4,"D","C","A","MATHILDA AV","DEL REY AV",0,,"Y","2008-10-28",4316,"2008-04-15",1800,"15148",,"5","6","0","0",,"0","001","-","N",,0,0,,,0,,,,"Y",2,"A","-",21801,"A","N","A","H","-","A","D","0","Y","D","22",0,0,1,0,0,0,0,0,0,"-","-","SUNNYVALE","SANTA CLARA","CA",0,0
"3690973",-122.048143062,37.3729057312,2008,"4316","0","1","4","09",0,2,"A",,,,,,1500,4,"D","C","A","MARY AV","OLIVE AV",0,,"Y","2008-10-28",4316,"2008-04-14",1225,"12972","3","5","6","0","0",,"0","003","-","N",,0,0,,,0,,,,"Y",2,"A","-",21802,"A","N","A","H","-","A","A","0","Y","A","01",0,0,2,0,0,0,0,0,0,"-","-","SUNNYVALE","SANTA CLARA","CA",0,0
"3690977",-122.006833053,37.35228498,2008,"4316","0","5","3","08",0,1,"A",,,,,,1500,4,"B","E","A","RT 82","POPLAR AV",100,"W","N","2008-12-16",4316,"2008-04-11",1305,"11145","43","5","6","0","0",,"0","004","-","Y","SCL",4,82,"-","-",14.91,"H","-","N","N",2,"A","-",22107,,"N","A","H","-","A","D","0","Y","A","01",0,1,0,0,0,0,0,0,0,"-","-","SUNNYVALE","SANTA CLARA","CA",0,0
"3690981",-122.015134899,37.3887481689,2008,"4316","0","4","4","03",0,1,"A",,,,,,1500,4,"C","C","A","FAIROAKS AV","DUANE AV",25,"S","N","2008-10-28",4316,"2008-04-10",1430,"67643","14","5","6","0","0",,"0","001","-","N",,0,0,,,0,,,,"N",2,"A","-",22350,,"N","A","H","-","A","A","0","Y","A","08",0,0,1,0,0,0,0,0,0,"-","-","SUNNYVALE","SANTA CLARA","CA",0,0
"3690993",-122.050497219,37.3559036255,2008,"4316","0","3","3","08",0,1,"A",,"Y",,,,1200,4,"D","G","A","MARY AV","TICONDEROGA",33,"E","N","2008-10-28",4316,"2008-04-16",959,"12969","51","5","6","0","0",,"0","005","-","N",,0,0,,,0,,,,"N",2,"A","-",22107,,"N","A","H","-","A","A","0","Y","A","01",0,1,0,0,0,0,1,0,0,"-","-","SUNNYVALE","SANTA CLARA","CA",0,0
"3690997",-121.988133752,37.3892211914,2008,"4316","0","7","2","11",0,1,"A","Y",,,,,1200,4,"D","B","E","WILDWOOD AV","SANDIA AV",135,"E","N","2008-10-28",4316,"2008-04-13",904,"13542","25","5","6","0","0",,"0","002","-","N",,0,0,,,0,,,,"N",2,"A","-",21954,"A","N","A","H","-","A","D","0","Y","N","60",1,0,0,0,1,0,0,0,0,"-","-","SUNNYVALE","SANTA CLARA","CA",0,0
"3691009",-122.004063055,37.3686561584,2008,"4316","0","7","4","10",0,1,"A","Y",,,,,1800,4,"G","B","B","EVELYN AV","ASTER AV",0,,"Y","2008-10-30",4316,"2008-04-13",1630,"15148","41","5","6","0","0",,"0","004","-","N",,0,0,,,0,,,,"N",2,"A","-",21950,"A","N","A","H","-","A","A","0","Y","A","01",0,0,1,0,1,0,0,0,0,"-","-","SUNNYVALE","SANTA CLARA","CA",0,0
"3691017",-122.037445852,37.3466644287,2008,"4316","0","1","4","10",0,1,"A","Y",,,,,900,4,"G","B","B","CHEYENNE DR","REVELSTOKE",5,"E","N","2008-10-28",4316,"2008-04-07",809,"14761","55","5","6","0","0",,"0","005","-","N",,0,0,,,0,,,,"N",2,"A","-",21950,"A","N","A","H","-","A","A","0","Y","A","01",0,0,1,0,1,0,0,0,0,"-","-","SUNNYVALE","SANTA CLARA","CA",0,0
"3694521",-122.000843853,37.4088641296,2008,"4316","3","4","4","03",0,1,"A",,,,,,900,3,"C","C","A","RT 237","LAWRENCE EXPWY",400,"W","N","2008-10-20",9340,"2008-03-20",710,"01622",,"1","6","0","1",,"2","230","-","Y","SCL",4,237,"-","R",4.52,"H","-","W","N",2,"A","-",22350,,"N","A","H","-","A","D","1","Y","A","01",0,0,1,0,0,0,0,0,0,"-","-","SUNNYVALE","SANTA CLARA","CA",0,0
"3697210",-122.021539008,37.3978309631,2008,"4316","0","5","4","08",0,2,"A",,,,,,2100,4,"D","C","A","W WEDDELL","BORREGAS AV",300,"W","N","2008-10-23",4316,"2008-04-18",1902,"14395","12","5","6","0","0",,"0","001","-","N",,0,0,,,0,,,,"Y",2,"A","-",22107,,"N","A","H","-","B","D","0","Y","A","01",0,0,2,0,0,0,0,0,0,"-","-","SUNNYVALE","SANTA CLARA","CA",0,0
"3697218",-122.001789549,37.3804893494,2008,"4316","0","6","3","01",0,2,"A",,,,,"Y",300,4,"F","I","A","ARQUES AV","SANTA TRINITA AV",243,"W","N","2008-10-22",4316,"2008-04-19",205,"10546","27","5","6","0","0",,"0","002","-","N",,0,0,,,0,,,,"Y",1,"A","-",23152,"A","N","A","H","-","C","D","0","Y","A","01",0,2,0,0,0,0,0,0,0,"-","-","SUNNYVALE","SANTA CLARA","CA",0,0
"3697234",-121.993409965,37.3863487244,2008,"4316","0","4","3","03",0,1,"A","Y",,,,,1500,4,"B","B","D","LAKESIDE DR","OAKMEAD PKWY",180,"S","N","2008-10-22",4316,"2008-04-17",1230,"14130","28","5","6","0","0",,"0","002","-","N",,0,0,,,0,,,,"N",2,"A","-",22350,,"F","A","H","-","A","D","0","Y","-","-",0,1,0,0,1,0,0,0,0,"-","-","SUNNYVALE","SANTA CLARA","CA",0,0
"3705632",-122.023915661,37.39799078,2008,"4316","2","5","4","03",0,1,"C",,,,,,1800,3,"A","C","A","RT 101","MATHILDA AV",100,"S","N","2008-11-05",9340,"2008-03-28",1605,"18076",,"2","6","0","1",,"2","120","-","Y","SCL",4,101,"-","-",45.62,"H","-","S","Y",3,"A","-",22350,,"N","B","H","-","A","D","1","Y","A","01",0,0,1,0,0,0,0,0,0,"-","-","SUNNYVALE","SANTA CLARA","CA",0,0
"3708370",-121.999267052,37.4092008932,2008,"4316","3","3","4","03",0,1,"A",,,,,,2100,4,"C","C","A","RT 237","LAWRENCE EXPWY",100,"W","N","2008-12-26",9340,"2008-04-16",1841,"18399",,"2","6","0","1",,"2","220","-","Y","SCL",4,237,"-","R",4.58,"H","-","W","N",3,"A","-",22350,,"N","A","H","-","A","D","1","Y","A","01",0,0,1,0,0,0,0,0,0,"-","-","SUNNYVALE","SANTA CLARA","CA",0,0
"3708976",-122.060663061,37.3402862549,2008,"4316","0","5","4","11",0,1,"A","Y",,,,,900,4,"G","B","D","BELLEVILLE","HOMESTEAD",1050,"N","N","2008-10-18",4316,"2008-04-25",758,"12969","54","5","6","0","0",,"0","005","-","N",,0,0,,,0,,,,"N",2,"A","-",21955,,"N","A","H","-","A","D","0","Y","-","-",0,0,1,0,1,0,0,0,0,"-","-","SUNNYVALE","SANTA CLARA","CA",0,0
"3709061",-122.0199465,37.397332023,2008,"4316","2","6","2","01",0,2,"A","Y",,,,"Y",600,4,"D","C","E","RT 101","FAIR OAKS AV",2162,"N","N","2008-12-26",9340,"2008-04-26",351,"01868",,"3","6","0","1",,"2","120","-","Y","SCL",4,101,"-","-",45.24,"H","-","N","Y",3,"A","-",23152,"A","N","A","B","-","D","D","1","Y","N","60",2,0,0,0,1,0,0,0,0,"-","-","SUNNYVALE","SANTA CLARA","CA",0,0
"3709065",-122.032314825,37.3863677979,2008,"4316","0","2","4","09",0,1,"A",,,,,,1500,4,"D","C","A","INDIO","MATHILDA AV",246,"W","N","2008-11-11",4316,"2008-04-29",1243,"86125","13","5","6","0","0",,"0","001","-","N",,0,0,,,0,,,,"Y",2,"A","-",21804,"A","N","A","H","-","A","D","0","Y","A","01",0,0,1,0,0,0,0,0,0,"-","-","SUNNYVALE","SANTA CLARA","CA",0,0
"3712563",-122.052337761,37.3855514526,2008,"4316","0","5","4","03",0,1,"A",,,,,,1200,4,"C","C","A","EVELYN AV","BERNARDO AV",30,"E","N","2008-10-20",4316,"2008-04-18",1000,"14225","3","5","6","0","0",,"0","003","-","N",,0,0,,,0,,,,"Y",2,"A","-",22350,,"N","A","H","-","A","D","0","Y","A","01",0,0,1,0,0,0,0,0,0,"-","-","SUNNYVALE","SANTA CLARA","CA",0,0
"3712567",-122.03161331,37.3858032227,2008,"4316","0","2","4","03",0,1,"B",,,,,,1800,4,"C","C","A","MATHILDA AV","INDIO WY",150,"S","N","2008-10-20",4316,"2008-04-22",1757,"14399","13","5","6","0","0",,"0","001","-","N",,0,0,,,0,,,,"N",2,"A","-",22350,,"N","A","H","-","A","A","0","Y","A","01",0,0,1,0,0,0,0,0,0,"-","-","SUNNYVALE","SANTA CLARA","CA",0,0
"3712571",-122.013865534,37.3926239014,2008,"4316","0","1","4","03",0,1,"A",,"Y",,,,2400,4,"C","G","A","FAIR OAKS AV","AHWANEE",283,"S","N","2008-11-10",4316,"2008-04-21",2110,"14458","14","5","6","0","0",,"0","001","-","N",,0,0,,,0,,,,"N",2,"A","-",22350,,"N","A","H","-","C","D","0","Y","A","07",0,0,1,0,0,0,1,0,0,"-","-","SUNNYVALE","SANTA CLARA","CA",0,0
"3712583",-122.004959385,37.4031524658,2008,"4316","0","3","3","03",0,1,"A",,,"Y",,,2400,4,"H","I","A","TASMAN DR","VIENNA DR",1560,"W","N","2008-10-20",4316,"2008-04-23",2300,"14458","12","5","6","0","0",,"0","001","-","N",,0,0,,,0,,,,"N",1,"A","-",22350,,"N","A","H","-","C","D","0","Y","C","02",0,1,0,0,0,0,0,0,1,"-","-","SUNNYVALE","SANTA CLARA","CA",0,0
"3712618",-122.017627562,37.355807663,2008,"4316","0","2","4","03",0,1,"C",,,,,,2400,4,"C","C","A","RT 82","MARIA LN",25,"E","N","2008-12-11",4316,"2008-04-22",2210,"15148","42","5","6","0","0",,"0","004","-","Y","SCL",4,82,"-","-",15.59,"H","-","N","Y",3,"A","-",22350,,"N","B","H","-","C","A","0","Y","A","01",0,0,1,0,0,0,0,0,0,"-","-","SUNNYVALE","SANTA CLARA","CA",0,0
"3712626",-122.001993054,37.3617935181,2008,"4316","0","1","3","03",0,1,"A",,,,,,900,4,"C","C","A","LILY","SWEETBAY",0,,"Y","2008-10-21",4316,"2008-04-21",814,"88884","41","5","6","0","0",,"0","004","-","N",,0,0,,,0,,,,"N",2,"A","-",22350,,"N","A","H","-","A","D","0","Y","-","-",0,1,0,0,0,0,0,0,0,"-","-","SUNNYVALE","SANTA CLARA","CA",0,0
"3713921",-121.995258098,37.3931655884,2008,"4316","0","3","4","08",0,1,"A",,"Y",,,,1800,4,"B","G","A","WILDWOOD AV","BRIDGEWOOD WY",200,"S","N","2008-10-21",4316,"2008-04-30",1754,"14139","25","5","6","0","0",,"0","002","-","N",,0,0,,,0,,,,"N",2,"A","-",22107,,"N","A","H","-","A","D","0","Y","L","04",0,0,1,0,0,0,1,0,0,"-","-","SUNNYVALE","SANTA CLARA","CA",0,0
"3713925",-122.014393056,37.3684997559,2008,"4316","0","4","3","22",0,1,"A",,,,,,1500,4,"G","B","A","LIQUIDAMBAR WY","PALO VERDE DR",118,"S","N","2008-10-21",4316,"2008-04-24",1404,"14374","41","5","6","0","0",,"0","004","-","N",,0,0,,,0,,,,"N",1,"B","-",0,,"N","A","H","-","A","D","0","Y","A","01",0,1,0,0,0,0,0,0,0,"-","-","SUNNYVALE","SANTA CLARA","CA",0,0
"3713941",-122.028863059,37.3738555908,2008,"4316","0","6","4","12",0,1,"A",,,,,,1200,4,"D","C","A","CARROLL ST","MC KINLEY",0,,"Y","2008-10-21",4316,"2008-04-26",1142,"14956","34","5","6","0","0",,"0","003","-","N",,0,0,,,0,,,,"Y",3,"A","-",22450,"A","F","A","H","-","A","D","0","Y","D","22",0,0,1,0,0,0,0,0,0,"-","-","SUNNYVALE","SANTA CLARA","CA",0,0
"3713945",-122.045840104,37.3648071289,2008,"4316","0","1","4","08",0,1,"A",,,,,,1500,4,"E","I","A","HANOVER AV","PINEAPPLE AV",168,"W","N","2008-10-21",4316,"2008-04-28",1451,"86125","52","5","6","0","0",,"0","005","-","N",,0,0,,,0,,,,"Y",1,"A","-",22107,,"N","A","H","-","A","D","0","Y","A","01",0,0,1,0,0,0,0,0,0,"-","-","SUNNYVALE","SANTA CLARA","CA",0,0
"3714626",-122.012951024,37.3781585693,2008,"4316","0","5","2","01",0,1,"A",,,,,"Y",1800,5,"F","A","A","CENTRAL EXPWY","WOLFE RD",35,"E","N","2008-12-01",4316,"2008-05-02",1708,"13539","27","5","6","0","0",,"0","002","-","N",,0,0,,,0,,,,"Y",1,"A","-",23152,"A","N","A","H","-","A","D","0","Y","A","01",1,0,0,0,0,0,0,0,0,"-","-","SUNNYVALE","SANTA CLARA","CA",0,0
"3717130",-122.023846368,37.4037061186,2008,"4316","3","4","4","08",0,1,"A",,,,,,1200,4,"E","I","A","RT 237","MATHILDA AV",528,"E","N","2008-12-31",9340,"2008-04-24",1105,"01208",,"1","6","0","1",,"2","220","-","Y","SCL",4,237,"-","-",3.12,"H","-","W","Y",1,"A","-",22107,,"N","A","H","-","A","D","1","Y","A","01",0,0,1,0,0,0,0,0,0,"-","-","SUNNYVALE","SANTA CLARA","CA",0,0