"CASEID","POINT_X","POINT_Y","YEAR_","LOCATION","CHPTYPE","DAYWEEK","CRASHSEV","VIOLCAT","KILLED","INJURED","WEATHER1","PEDCOL","BICCOL","MCCOL","TRUCKCOL","ETOH","TIMECAT","MONTH_","CRASHTYP","INVOLVE","PED","PRIMARYRD","SECONDRD","DISTANCE","DIRECT","INTERSECT_","PROCDATE","JURIS","DATE_","TIME_","BADGE","JURIDIST","SHIFT","POP","SPECIAL","BEATTYPE","LAPDDIV","BEATCLAS","BEATNUMB","WEATHER2","STATEHW","CALTRANC","CALTRAND","STROUTE","ROUTESUF","POSTPRE","POSTMILE","LOCATYPE","RAMP","SIDEHW","TOWAWAY","PARTIES","PCF","VIOLCODE","VIOL","VIOLSUB","HITRUN","ROADSURF","RDCOND1","RDCOND2","LIGHTING","RIGHTWAY","CHPRDTYP","NOTPRIV","STFAULT","CHPFAULT","SEVINJ","OTHERINJ","COP","PEDKILL","PEDINJ","BICKILL","BICINJ","MCKILL","MCINJURE","RAMP1","RAMP2","CITY","COUNTY","STATE","X_CHP","Y_CHP"
"4175064",-122.031833062,37.4018449821,2009,"4316","0","7","4","12",0,2,"A",,,,,,1200,3,"D","C","A","MATHILDA AV","RT 237",15,"S","N","2009-12-29",4316,"2009-03-22",1007,"15618","12","5","6","0","0",,"0","001","-","Y","SCL",4,237,"-","-",2.834,"R","4","E","Y",2,"A","-",21453,"A","N","A","H","-","A","A","0","Y","-","-",0,0,2,0,0,0,0,0,0,"-","-","SUNNYVALE","SANTA CLARA","CA",0,0
"4175068",-122.0277834,37.33763467,2009,"4316","0","6","2","08",0,1,"C",,"Y",,,,2400,3,"H","G","A","HOMESTEAD RD","CANARY DR",3,"S","N","2009-11-07",4316,"2009-03-21",2155,"15020","62Q6","5","6","0","0",,"0","006","-","N",,0,0,,,0,,,,"N",2,"A","-",22107,,"N","B","H","-","C","D","0","Y","A","01",1,0,0,0,0,0,1,0,0,"-","-","SUNNYVALE","SANTA CLARA","CA",0,0
"4175076",-122.0142,37.35218,2009,"4316","0","5","4","12",0,1,"A",,,,,,2100,3,"D","C","A","WOLFE RD","FREMONT AV",0,,"Y","2010-01-07",4316,"2009-03-20",1910,"15926","61","5","6","0","0",,"0","006","-","N",,0,0,,,0,,,,"Y",2,"A","-",21453,"A","N","A","H","-","A","A","0","Y","A","01",0,0,1,0,0,0,0,0,0,"-","-","SUNNYVALE","SANTA CLARA","CA",0,0
"4175087",-122.05049,37.35581,2009,"4316","0","2","3","10",0,1,"A","Y",,,,,1200,3,"G","B","B","MARY AV","TICONDEROGA DR",0,,"Y","2009-11-21",4316,"2009-03-17",908,"14374",,"5","6","0","0",,"0","005","-","N",,0,0,,,0,,,,"N",2,"A","-",21950,"A","N","A","H","-","A","A","0","Y","A","01",0,1,0,0,1,0,0,0,0,"-","-","SUNNYVALE","SANTA CLARA","CA",0,0
"4175111",-122.03677077,37.36902313,2009,"4316","0","5","4","12",0,1,"A",,,,,,2400,3,"D","C","A","RT 82","MATHILDA AV",0,,"Y","2009-12-08",4316,"2009-03-20",2334,"15906",,"5","6","0","0",,"0","052","-","Y","SCL",4,82,"-","-",17.035,"I","5","S","Y",2,"A","-",21453,"A","N","A","H","-","C","A","0","Y","A","08",0,0,1,0,0,0,0,0,0,"-","-","SUNNYVALE","SANTA CLARA","CA",0,0
"4175170",-122.0139119,37.37064651,2009,"4316","0","5","4","00",0,1,"A",,,,,,1800,3,"B","C","A","EVELYN AV","WOLFE RD",20,"W","N","2009-11-07",4316,"2009-03-27",1735,"13877","41","5","6","0","0",,"0","004","-","N",,0,0,,,0,,,,"N",2,"D","-",0,,"N","A","H","-","A","A","0","Y","-","-",0,0,1,0,0,0,0,0,0,"-","-","SUNNYVALE","SANTA CLARA","CA",0,0
"4175182",-122.0351,37.37512,2009,"4316","0","5","4","12",0,1,"A",,,,,,2400,3,"D","C","A","MATHILDA AV","MCKINLEY AV",0,,"Y","2009-11-07",4316,"2009-03-27",2335,"20280","33","5","6","0","0",,"0","003","-","N",,0,0,,,0,,,,"Y",2,"A","-",21453,"A","N","A","H","-","C","A","0","Y","A","01",0,0,1,0,0,0,0,0,0,"-","-","SUNNYVALE","SANTA CLARA","CA",0,0
"4175190",-122.043309,37.38663922,2009,"4316","0","4","4","03",0,1,"A",,,,,,2100,3,"C","C","A","CENTRAL EXPWY","MARY AV",70,"E","N","2009-11-07",4316,"2009-03-26",1955,"15926","13","5","6","0","0",,"0","001","-","N",,0,0,,,0,,,,"N",2,"A","-",22350,,"N","A","H","-","C","A","0","Y","A","01",0,0,1,0,0,0,0,0,0,"-","-","SUNNYVALE","SANTA CLARA","CA",0,0
"4176936",-122.024013143,37.398012747,2009,"4316","2","5","4","08",0,2,"A",,,,,,2400,3,"B","C","A","RT 101","MATHILDA AV",250,"S","N","2010-01-22",9340,"2009-03-13",2230,"18434",,"3","6","0","1",,"2","120","-","Y","SCL",4,101,"-","-",45.63,"H","-","S","Y",2,"A","-",22107,,"N","A","H","-","D","D","1","Y","A","01",0,0,2,0,0,0,0,0,0,"-","-","SUNNYVALE","SANTA CLARA","CA",-122.02687,37.39863
"4176960",-122.010559138,37.4065352549,2009,"4316","3","3","3","03",0,3,"A",,,,,,2100,3,"C","C","A","RT 237","FAIR OAKS AV",175,"E","N","2009-12-28",9340,"2009-03-11",1820,"19043",,"2","6","0","1",,"2","220","-","Y","SCL",4,237,"-","R",4,"H","-","E","Y",5,"A","-",22350,,"N","A","H","-","A","D","1","Y","A","08",0,1,2,0,0,0,0,0,0,"-","-","SUNNYVALE","SANTA CLARA","CA",-122.00796,37.40705
"4176966",-122.009363059,37.395014984,2009,"4316","5","2","4","21",0,1,"A",,,,,,1200,3,"C","C","A","RT 101","FAIROAKS AV",30,"S","N","2009-12-09",9340,"2009-03-17",900,"17225",,"1","6","0","3",,"2","020","-","Y","SCL",4,101,"-","-",44.734,"R","1","N","N",2,"A","-",22106,,"N","A","H","-","A","D","1","Y","A","01",0,0,1,0,0,0,0,0,0,"-","-","SUNNYVALE","SANTA CLARA","CA",-122.01215,37.39746
"4177033",-122.017200881,37.396528363,2009,"4316","2","4","4","03",0,1,"A",,,,,,900,3,"C","C","A","RT 101","FAIR OAKS AV",754,"N","N","2010-01-26",9340,"2009-03-19",850,"18665",,"1","6","0","1",,"2","120","-","Y","SCL",4,101,"-","-",44.97,"H","-","S","Y",3,"A","-",22350,,"N","A","H","-","A","D","1","Y","A","01",0,0,1,0,0,0,0,0,0,"-","-","SUNNYVALE","SANTA CLARA","CA",-121.94606,37.39593
"4179743",-121.9960222,37.37978591,2009,"4316","4","1","3","03",0,1,"A",,,,,,1800,3,"C","C","A","LAWRENCE EXPWY","ARQUES AV",240,"S","N","2009-11-06",9340,"2009-03-23",1615,"19215",,"2","6","0","2",,"2","620","-","N",,0,0,,,0,,,,"Y",3,"A","-",22350,,"N","A","H","-","A","A","0","Y","A","01",0,1,0,0,0,0,0,0,0,"-","-","SUNNYVALE","SANTA CLARA","CA",-121.99614,37.38116
"4184587",-122.0122426,37.40668763,2009,"4316","0","1","3","18",0,1,"A",,"Y",,,,1800,3,"H","J","A","MOFFETT PARK DR","CROSSMAN",250,"W","N","2009-11-10",4316,"2009-03-23",1736,"14243","12","5","6","0","0",,"0","001","-","N",,0,0,,,0,,,,"N",1,"C","-",0,,"N","A","B","-","A","D","0","Y","-","-",0,1,0,0,0,0,1,0,0,"-","-","SUNNYVALE","SANTA CLARA","CA",0,0
"4186594",-122.004811807,37.352311543,2009,"4316","0","6","4","03",0,1,"A",,,,,,1500,4,"C","C","A","RT 82","HENDERSON",170,"E","N","2009-12-09",4316,"2009-04-04",1402,"59295","43","5","6","0","0",,"0","004","-","Y","SCL",4,82,"-","-",14.8,"H","-","N","N",2,"A","-",22350,,"N","A","H","-","A","A","0","Y","-","-",0,0,1,0,0,0,0,0,0,"-","-","SUNNYVALE","SANTA CLARA","CA",0,0
"4186602",-122.0283662,37.3936298,2009,"4316","0","7","4","03",0,1,"A",,,,,,2100,4,"E","I","A","SAN ALESO AV","MATHILDA AV",300,"E","N","2010-02-03",4316,"2009-04-05",1843,"17452",,"5","6","0","0",,"0","001","-","N",,0,0,,,0,,,,"Y",1,"A","-",22350,,"N","A","H","-","A","D","0","Y","A","01",0,0,1,0,0,0,0,0,0,"-","-","SUNNYVALE","SANTA CLARA","CA",0,0
"4186606",-122.0053526,37.40804826,2009,"4316","0","7","3","03",0,1,"A",,,,,"Y",2100,4,"E","I","A","MOFFETT PARK DR","MOFFETT PARK CT",210,"W","N","2009-11-24",4316,"2009-04-05",1856,"14396",,"5","6","0","0",,"0","002","-","N",,0,0,,,0,,,,"Y",1,"A","-",22350,,"N","A","H","-","A","D","0","Y","A","01",0,1,0,0,0,0,0,0,0,"-","-","SUNNYVALE","SANTA CLARA","CA",0,0
"4186608",-122.0090719,37.3882827,2009,"4316","0","4","3","09",0,1,"A",,,,,,2100,4,"D","C","A","DUANE AV","SAN LUISITO WY",20,"W","N","2009-12-21",4316,"2009-04-02",1800,"15618","26","5","6","0","0",,"0","002","-","N",,0,0,,,0,,,,"N",2,"A","-",21801,"A","N","A","H","-","A","D","0","Y","A","01",0,1,0,0,0,0,0,0,0,"-","-","SUNNYVALE","SANTA CLARA","CA",0,0
"4186618",-122.0309864,37.38982794,2009,"4316","0","5","4","08",0,1,"A",,,"Y",,,1800,4,"D","C","A","MAUDE AV","MATHILDA AV",120,"W","N","2010-02-03",4316,"2009-04-03",1710,"17452","2","5","6","0","0",,"0",,"-","N",,0,0,,,0,,,,"Y",2,"A","-",22107,,"N","A","H","-","A","A","0","Y","A","08",0,0,1,0,0,0,0,0,1,"-","-","SUNNYVALE","SANTA CLARA","CA",0,0
"4186636",-122.0210511,37.36703205,2009,"4316","0","7","4","03",0,1,"A",,,,,,600,4,"B","E","A","OLD SAN FRANCISCO","GRAND FIR",30,"E","N","2009-12-21",4316,"2009-04-05",558,"12743","42","5","6","0","0",,"0","004","-","N",,0,0,,,0,,,,"Y",2,"A","-",22350,,"N","A","H","-","C","D","0","Y","A","01",0,0,1,0,0,0,0,0,0,"-","-","SUNNYVALE","SANTA CLARA","CA",0,0
"4186661",-122.0277357,37.40649951,2009,"4316","0","4","3","01",0,1,"A",,,,,"Y",300,4,"A","I","A","LOCKHEED MARTIN WY","MATHILDA AV",462,"W","N","2009-12-21",4316,"2009-04-02",126,"15949","10","5","6","0","0",,"0","001","-","N",,0,0,,,0,,,,"Y",1,"A","-",23152,"A","M","A","H","-","C","D","0","Y","A","01",0,1,0,0,0,0,0,0,0,"-","-","SUNNYVALE","SANTA CLARA","CA",0,0
"4186679",-122.0367866,37.37017237,2009,"4316","0","6","3","03",0,1,"A",,"Y",,,,1800,4,"H","G","A","MATHILDA AV","ALL AMERICA WY",16,"S","N","2009-12-11",4316,"2009-04-04",1735,"14458","33","5","6","0","0",,"0","003","-","N",,0,0,,,0,,,,"N",2,"A","-",22350,,"N","A","H","-","A","D","0","Y","A","01",0,1,0,0,0,0,1,0,0,"-","-","SUNNYVALE","SANTA CLARA","CA",0,0
"4187585",-122.061343544,37.3539903044,2009,"4316","3","2","3","03",0,2,"A",,,,,,900,3,"A","C","A","RT 85","FREMONT AV",369,"N","N","2010-01-08",9340,"2009-03-24",720,"18665",,"1","6","0","1",,"2","085","-","Y","SCL",4,85,"-","R",19.96,"H","-","N","Y",2,"A","-",22350,,"N","A","H","-","A","D","6","Y","A","01",0,2,0,0,0,0,0,0,0,"-","-","SUNNYVALE","SANTA CLARA","CA",-122.06171,37.35501
"4188289",-122.01032,37.40283,2009,"4316","0","4","4","00",0,2,"C",,,,,,2400,4,"D","C","A","N FAIR OAKS","TASMAN DR",0,,"Y","2009-12-15",4316,"2009-04-09",2137,"15143","12","5","6","0","0",,"0","001","-","N",,0,0,,,0,,,,"Y",2,"D","-",0,,"N","B","H","-","C","A","0","Y","-","-",0,0,2,0,0,0,0,0,0,"-","-","SUNNYVALE","SANTA CLARA","CA",0,0
"4188313",-122.01422,37.33771,2009,"4316","0","4","4","12",0,1,"C",,,,,,1800,4,"D","C","A","HOMESTEAD RD","WOLFE RD",0,,"Y","2009-12-15",4316,"2009-04-09",1620,"17532","62","5","6","0","0",,"0","006","-","N",,0,0,,,0,,,,"Y",2,"A","-",21453,"A","N","B","H","-","A","A","0","Y","-","-",0,0,1,0,0,0,0,0,0,"-","-","SUNNYVALE","SANTA CLARA","CA",0,0
"4188317",-122.03778,37.39205,2009,"4316","0","4","4","12",0,1,"C",,,,,,2100,4,"D","C","A","MAUDE AV","MARY AV",0,,"Y","2009-12-15",4316,"2009-04-09",1809,"17532","13","5","6","0","0",,"0","001","-","N",,0,0,,,0,,,,"Y",2,"A","-",21453,"A","N","B","H","-","A","A","0","Y","A","08",0,0,1,0,0,0,0,0,0,"-","-","SUNNYVALE","SANTA CLARA","CA",0,0
"4189126",-121.9960179,37.38660525,2009,"4316","4","2","3","01",0,2,"A",,,,,"Y",2400,4,"C","C","A","LAWRENCE EXPWY","DUANE AV",80,"S","N","2009-11-24",9340,"2009-04-07",2330,"19040",,"3","6","0","2",,"2","620","-","N",,0,0,,,0,,,,"Y",3,"A","-",23152,"A","F","A","H","-","C","A","0","Y","A","01",0,1,1,0,0,0,0,0,0,"-","-","SUNNYVALE","SANTA CLARA","CA",-121.99568,37.38677
"4193694",-122.027919803,37.364329609,2009,"4316","0","6","4","05",0,1,"B",,"Y",,,,1200,4,"D","G","A","RT 82","CEZANNE DR",215,"E","N","2010-02-18",4316,"2009-04-11",1008,"13542","61","5","6","0","0",,"0","006","-","Y","SCL",4,82,"-","-",16.43,"H","-","N","N",2,"A","-",21650,"1","N","A","H","-","A","D","0","Y","L","04",0,0,1,0,0,0,1,0,0,"-","-","SUNNYVALE","SANTA CLARA","CA",0,0
"4193745",-122.00114033,37.352351549,2009,"4316","0","6","4","09",0,1,"A",,"Y",,,,1800,4,"D","G","A","RT 82","HALFORD AV",300,"W","N","2010-02-18",4316,"2009-04-11",1637,"15925","63","5","6","0","0",,"0","006","-","Y","SCL",4,82,"-","-",14.6,"H","-","N","N",2,"A","-",21804,"A","N","A","H","-","A","D","0","Y","A","01",0,0,1,0,0,0,1,0,0,"-","-","SUNNYVALE","SANTA CLARA","CA",0,0
"4195396",-121.991553055,37.389984984,2009,"4316","2","3","3","03",0,2,"A",,,,,,600,4,"E","I","A","RT 101","LAWRENCE EXPWY",200,"S","N","2010-03-01",9340,"2009-04-08",400,"19288",,"3","6","0","1",,"2","120","-","Y","SCL",4,101,"-","-",43.753,"R","2","N","Y",1,"A","-",22350,,"N","A","H","-","D","D","1","Y","A","01",0,2,0,0,0,0,0,0,0,"TO","-","SUNNYVALE","SANTA CLARA","CA",-121.99441,37.39113
"4199743",-122.040353,37.38602096,2009,"4316","0","4","2","07",0,2,"A",,"Y",,,,900,3,"C","G","A","CENTRAL EXPWY","PAJARO AV",170,"W","N","2009-11-05",4316,"2009-03-26",734,"14461","13","5","6","0","0",,"0","001","-","N",,0,0,,,0,,,,"Y",2,"A","-",21658,"A","N","A","G","-","A","A","0","Y","A","01",1,1,0,0,0,0,1,0,0,"-","-","SUNNYVALE","SANTA CLARA","CA",0,0
"4199873",-122.013513,37.39363781,2009,"4316","0","4","4","08",0,1,"A",,,,,,1800,4,"D","C","A","N FAIR OAKS","AHWANEE AV",100,"N","N","2009-11-19",4316,"2009-04-16",1737,"17532","14","5","6","0","0",,"0","001","-","N",,0,0,,,0,,,,"N",2,"A","-",22107,,"N","A","H","-","A","A","0","Y","A","07",0,0,1,0,0,0,0,0,0,"-","-","SUNNYVALE","SANTA CLARA","CA",0,0
"4199877",-122.05433,37.35949,2009,"4316","0","3","2","09",0,1,"B",,"Y",,,,900,4,"D","G","A","REMINGTON DR","MANGO AV",0,,"Y","2009-11-19",4316,"2009-04-08",803,"14461","51","5","6","0","0",,"0","005","-","N",,0,0,,,0,,,,"Y",2,"A","-",21804,"A","N","B","H","-","A","A","0","Y","L","04",1,0,0,0,0,0,1,0,0,"-","-","SUNNYVALE","SANTA CLARA","CA",0,0
"4199881",-121.99984,37.38411,2009,"4316","0","5","4","17",0,3,"A",,,,,"Y",1800,4,"A","C","A","SANTA TRINITA AV","STEWART AV",0,,"Y","2009-11-24",4316,"2009-04-10",1520,"14345","27","5","6","0","0",,"0","002","-","N",,0,0,,,0,,,,"Y",2,"A","-",21451,"A","N","A","H","-","A","A","0","Y","A","01",0,0,3,0,0,0,0,0,0,"-","-","SUNNYVALE","SANTA CLARA","CA",0,0
"4199935",-122.014290318,37.35312352,2009,"4316","0","3","4","03",0,1,"A",,,,,,2100,4,"C","C","A","RT 82","WOLFE RD",0,,"Y","2010-02-05",4316,"2009-04-15",1844,"15837","42","5","6","0","0",,"0","004","-","Y","SCL",4,82,"-","-",15.33,"H","-","S","Y",2,"A","-",22350,,"N","A","H","-","A","A","0","Y","A","01",0,0,1,0,0,0,0,0,0,"-","-","SUNNYVALE","SANTA CLARA","CA",0,0
"4199947",-121.9999215,37.4110489,2009,"4316","0","2","4","21",0,1,"A",,,,,,1800,4,"C","C","A","CARIBBEAN DR","MOFFETT PARK DR",350,"S","N","2010-02-10",4316,"2009-04-14",1748,"17452",,"5","6","0","0",,"0","002","G","N",,0,0,,,0,,,,"Y",2,"A","-",22106,,"N","A","H","-","A","D","0","Y","A","07",0,0,1,0,0,0,0,0,0,"-","-","SUNNYVALE","SANTA CLARA","CA",0,0
"4199960",-121.9957548,37.37892153,2009,"4316","0","1","4","03",0,1,"A",,,,,,2400,4,"C","C","A","APOLLO DR","LAWRENCE EXPWY",30,"E","N","2009-11-21",4316,"2009-04-13",2106,"14956","27","5","6","0","0",,"0","002","-","N",,0,0,,,0,,,,"N",2,"A","-",22350,,"F","A","H","-","C","D","0","Y","A","01",0,0,1,0,0,0,0,0,0,"-","-","SUNNYVALE","SANTA CLARA","CA",0,0
"4199964",-122.03672,37.33752,2009,"4316","0","2","3","10",0,1,"A","Y",,,,,2400,4,"G","B","B","HOMESTEAD RD","FRANCO CT",0,,"Y","2009-11-21",4316,"2009-04-14",2100,"20280",,"5","6","0","0",,"0","005","-","N",,0,0,,,0,,,,"N",2,"A","-",21950,"A","N","A","H","-","C","A","0","Y","A","01",0,1,0,0,1,0,0,0,0,"-","-","SUNNYVALE","SANTA CLARA","CA",0,0
"4199998",-122.015783055,37.35428498,2009,"4316","0","6","3","01",0,3,"A",,,,,"Y",300,4,"C","E","A","RT 82","WOLFE RD",645,"W","N","2010-02-17",4316,"2009-04-18",27,"15837","42","5","6","0","0",,"0","004","-","Y","SCL",4,82,"-","-",15.44,"H","-","N","Y",2,"A","-",23153,"B","N","A","H","-","C","D","0","Y","A","01",0,2,1,0,0,0,0,0,0,"-","-","SUNNYVALE","SANTA CLARA","CA",0,0
"4207524",-122.059768775,37.3403935076,2009,"4316","3","4","3","08",0,1,"A",,,,,,1200,4,"E","I","A","RT 85","RT 280",2475,"N","N","2010-02-10",9340,"2009-04-02",1100,"16178",,"1","6","0","1",,"2","085","-","Y","SCL",4,85,"-","R",18.95,"H","-","N","Y",1,"A","-",22107,,"N","A","H","-","A","D","6","Y","A","01",0,1,0,0,0,0,0,0,0,"-","-","SUNNYVALE","SANTA CLARA","CA",-122.0596,37.33895
"4208180",-121.9961286,37.36044524,2009,"4316","4","3","4","03",0,1,"A",,,,,,1200,4,"C","C","A","LAWRENCE EXPWY","CABRILLO AV",255,"N","N","2009-11-20",9340,"2009-04-01",1015,"16178",,"1","6","0","2",,"2","610","-","N",,0,0,,,0,,,,"Y",3,"A","-",22350,,"N","A","H","-","A","D","0","Y","A","01",0,0,1,0,0,0,0,0,0,"-","-","SUNNYVALE","SANTA CLARA","CA",-121.99577,37.36049
"4208283",-122.0447,37.38303,2009,"4316","0","2","3","08",0,1,"A",,"Y",,,,1200,4,"B","G","A","MARY AV","EVELYN AV",0,,"Y","2009-12-02",4316,"2009-04-21",901,"15839","32","5","6","0","0",,"0","003","-","N",,0,0,,,0,,,,"N",2,"A","-",22107,,"N","A","H","-","A","A","0","Y","A","01",0,1,0,0,0,0,1,0,0,"-","-","SUNNYVALE","SANTA CLARA","CA",0,0
"4209444",-121.99512,37.39608,2009,"4316","0","2","4","09",0,1,"A",,,,,,900,4,"D","C","A","BLAZINGWOOD DR","SANDIA AV",0,,"Y","2009-12-11",4316,"2009-04-21",836,"14231","25","5","6","0","0",,"0","002","-","N",,0,0,,,0,,,,"Y",2,"A","-",21802,"B","N","A","H","-","A","A","0","Y","A","07",0,0,1,0,0,0,0,0,0,"-","-","SUNNYVALE","SANTA CLARA","CA",0,0
"4209472",-122.031341598,37.367178467,2009,"4316","0","1","4","03",0,2,"A",,,,,,1500,4,"C","C","A","RT 82","SUNNYVALE AV",250,"E","N","2010-02-17",4316,"2009-04-20",1326,"20277","52","5","6","0","0",,"0","005","-","Y","SCL",4,82,"-","-",16.71,"H","-","N","Y",3,"A","-",22350,,"N","A","H","-","A","A","0","Y","A","01",0,0,2,0,0,0,0,0,0,"-","-","SUNNYVALE","SANTA CLARA","CA",0,0
"4214023",-122.024290992,37.398072043,2009,"4316","2","2","4","03",0,1,"B",,,,,,1500,4,"C","C","A","RT 101","MATHILDA AV",200,"S","N","2010-03-01",9340,"2009-04-07",1450,"16178",,"2","6","0","1",,"2","120","C","Y","SCL",4,101,"-","-",45.64,"H","-","S","Y",2,"A","-",22350,,"N","B","H","-","A","D","1","Y","A","01",0,0,1,0,0,0,0,0,0,"-","-","SUNNYVALE","SANTA CLARA","CA",-122.02724,37.39852
"4214035",-122.060332108,37.3507559289,2009,"4316","3","1","4","07",0,1,"A",,,,,,1800,4,"C","A","A","RT 85","FREMONT AV",200,"S","N","2009-12-24",9340,"2009-04-06",1605,"18301",,"2","6","0","1",,"2","085","-","Y","SCL",4,85,"-","R",19.82,"H","-","S","N",2,"A","-",21658,"A","N","A","H","-","A","D","6","Y","A","01",0,0,1,0,0,0,0,0,0,"-","-","SUNNYVALE","SANTA CLARA","CA",-122.06417,37.33374
"4215481",-122.009363059,37.395014984,2009,"4316","0","5","4","12",0,1,"A",,,,,,2100,4,"D","C","A","FAIR OAKS","RT 101",0,,"Y","2010-01-22",4316,"2009-04-24",1957,"14828","21","5","6","0","0",,"0","002","-","Y","SCL",4,101,"-","-",44.734,"R","4","N","Y",2,"A","-",21453,"A","N","A","H","-","D","A","0","Y","-","-",0,0,1,0,0,0,0,0,0,"-","NF","SUNNYVALE","SANTA CLARA","CA",0,0
"4217280",-122.014282306,37.353309606,2009,"4316","0","5","4","07",0,1,"C",,,,,,2100,5,"B","C","A","RT 82","WOLFE RD",60,"W","N","2010-02-17",4316,"2009-05-01",1830,"10449","42","5","6","0","0",,"0","004","-","Y","SCL",4,82,"-","-",15.33,"H","-","N","Y",2,"A","-",21658,"A","N","B","H","-","A","A","0","Y","A","01",0,0,1,0,0,0,0,0,0,"-","-","SUNNYVALE","SANTA CLARA","CA",0,0
"4217522",-122.025650442,37.362237804,2009,"4316","0","7","4","09",0,1,"B",,"Y",,,,1200,5,"D","B","A","EL CAMINO REAL","FAIR OAKS AV",400,"W","N","2010-02-17",4316,"2009-05-03",1111,"16663","42","5","6","0","0",,"0","004","-","Y","SCL",4,82,"-","-",16.24,"H","-","S","N",2,"A","-",21804,"A","N","A","H","-","A","D","0","Y","A","01",0,0,1,0,0,0,1,0,0,"-","-","SUNNYVALE","SANTA CLARA","CA",0,0
"4217532",-122.04999,37.34482,2009,"4316","0","3","4","12",0,1,"A",,"Y",,,,900,4,"D","G","A","MARY AV","THE DALLES AV",0,,"Y","2009-12-12",4316,"2009-04-22",735,"14314","54","5","6","0","0",,"0","005","-","N",,0,0,,,0,,,,"N",2,"A","-",21453,"A","N","A","H","-","A","A","0","Y","L","04",0,0,1,0,0,0,1,0,0,"-","-","SUNNYVALE","SANTA CLARA","CA",0,0
"4217544",-122.0425166,37.366951,2009,"4316","0","7","4","08",0,1,"A",,,,,,2100,4,"D","C","A","QUETTA AV","DANFORTH DR",75,"N","N","2009-12-12",4316,"2009-04-26",1955,"15841","52","5","6","0","0",,"0","005","-","N",,0,0,,,0,,,,"Y",2,"A","-",22107,,"N","A","H","-","A","D","0","Y","A","01",0,0,1,0,0,0,0,0,0,"-","-","SUNNYVALE","SANTA CLARA","CA",0,0
"4217564",-122.048483063,37.371794979,2009,"4316","0","1","4","-",0,1,"B",,"Y",,,,1800,4,"D","G","A","MARY AV","RT 82",130,"S","N","2010-02-05",4316,"2009-04-27",1700,"15924",,"5","6","0","0",,"0",,"-","Y","SCL",4,82,"-","-",17.69,"I","6","S","N",2,"A","-",0,,"N","A","H","-","A","D","0","Y","L","04",0,0,1,0,0,0,1,0,0,"-","-","SUNNYVALE","SANTA CLARA","CA",0,0
"4217584",-122.0317686,37.34302033,2009,"4316","0","3","4","08",0,1,"A",,,,,,2100,4,"B","C","A","HARWICK WY","SUNNYVALE SARATOGA RD",135,"E","N","2010-02-03",4316,"2009-04-29",1810,"15926","62","5","6","0","0",,"0","006","-","N",,0,0,,,0,,,,"N",2,"A","-",22107,,"N","A","H","-","A","A","0","Y","A","08",0,0,1,0,0,0,0,0,0,"-","-","SUNNYVALE","SANTA CLARA","CA",0,0
"4218018",-122.03245,37.34664,2009,"4316","0","5","4","10",0,1,"C","Y",,,,,1800,5,"G","B","B","SUNNYVALE SARATOGA RD","CHEYENNE DR",0,,"Y","2009-12-30",4316,"2009-05-01",1518,"15148","55","5","6","0","0",,"0","005","-","N",,0,0,,,0,,,,"N",2,"A","-",21950,"A","N","B","H","-","A","A","0","Y","A","07",0,0,1,0,1,0,0,0,0,"-","-","SUNNYVALE","SANTA CLARA","CA",0,0
"4218022",-122.0287931,37.395803,2009,"4316","0","6","4","-",0,1,"A",,,,,,300,5,"C","C","A","ALMANOR AV","MATHILDA AV",12,"W","N","2009-12-30",4316,"2009-05-02",143,"15949","13","5","6","0","0",,"0","001","-","N",,0,0,,,0,,,,"N",2,"A","-",0,,"F","A","H","-","C","A","0","Y","A","07",0,0,1,0,0,0,0,0,0,"-","-","SUNNYVALE","SANTA CLARA","CA",0,0
"4218101",-122.03245,37.35204,2009,"4316","0","4","4","03",0,2,"A",,,,,,2100,4,"C","C","A","FREMONT AV","SUNNYVALE SARATOGA RD",0,,"Y","2009-11-21",4316,"2009-04-30",1847,"20280","55","5","6","0","0",,"0","005","-","N",,0,0,,,0,,,,"N",2,"A","-",22350,,"N","A","H","-","A","A","0","Y","A","01",0,0,2,0,0,0,0,0,0,"-","-","SUNNYVALE","SANTA CLARA","CA",0,0
"4219259",-122.062313062,37.3555349766,2009,"4316","3","1","3","03",0,1,"A",,,"Y",,,1500,4,"F","A","A","RT 85","FREMONT AV",65,"N","N","2010-03-18",9340,"2009-04-06",1355,"18378",,"1","6","0","1",,"2","085","-","Y","SCL",4,85,"-","R",20.031,"R","1","S","Y",2,"A","-",22350,,"N","A","H","-","A","D","0","Y","C","02",0,1,0,0,0,0,0,0,1,"TO","-","SUNNYVALE","SANTA CLARA","CA",-122.06136,37.35236
"4220621",-122.043956433,37.402562483,2009,"4316","2","2","3","18",0,1,"A",,,,,,1500,4,"E","J","A","RT 101","RT 237",2640,"N","N","2010-03-01",9340,"2009-04-21",1440,"19215",,"2","6","0","1",,"2","120","-","Y","SCL",4,101,"-","-",46.63,"H","-","N","Y",1,"C","-",0,,"N","A","H","-","A","D","1","Y","-","-",0,1,0,0,0,0,0,0,0,"-","-","SUNNYVALE","SANTA CLARA","CA",-122.0425,37.40242
"4229522",-122.028361877,37.364472869,2009,"4316","0","1","3","08",0,1,"A",,,"Y",,,1800,5,"B","C","A","RT 82","CEZANNE",30,"E","N","2010-04-14",4316,"2009-05-04",1548,"14183","42","5","6","0","0",,"0","004","-","Y","SCL",4,82,"-","-",16.46,"H","-","S","N",2,"A","-",22107,,"N","A","H","-","A","A","0","Y","A","01",0,1,0,0,0,0,0,0,1,"-","-","SUNNYVALE","SANTA CLARA","CA",0,0