"CASEID","POINT_X","POINT_Y","YEAR_","LOCATION","CHPTYPE","DAYWEEK","CRASHSEV","VIOLCAT","KILLED","INJURED","WEATHER1","PEDCOL","BICCOL","MCCOL","TRUCKCOL","ETOH","TIMECAT","MONTH_","CRASHTYP","INVOLVE","PED","PRIMARYRD","SECONDRD","DISTANCE","DIRECT","INTERSECT_","PROCDATE","JURIS","DATE_","TIME_","BADGE","JURIDIST","SHIFT","POP","SPECIAL","BEATTYPE","LAPDDIV","BEATCLAS","BEATNUMB","WEATHER2","STATEHW","CALTRANC","CALTRAND","STROUTE","ROUTESUF","POSTPRE","POSTMILE","LOCATYPE","RAMP","SIDEHW","TOWAWAY","PARTIES","PCF","VIOLCODE","VIOL","VIOLSUB","HITRUN","ROADSURF","RDCOND1","RDCOND2","LIGHTING","RIGHTWAY","CHPRDTYP","NOTPRIV","STFAULT","CHPFAULT","SEVINJ","OTHERINJ","COP","PEDKILL","PEDINJ","BICKILL","BICINJ","MCKILL","MCINJURE","RAMP1","RAMP2","CITY","COUNTY","STATE","X_CHP","Y_CHP"
"4604306",-121.987983054,37.377814984,2010,"4316","0","5","3","12",0,1,"A",,"Y",,,,2400,2,"D","G","A","CENTRAL EXPWY","OAKMEAD PKWY",0,,"Y","2010-12-14",4316,"2010-02-26",2106,"10314","28","5","6","0","0",,"0","002","-","N",,0,0,,,0,,,,"N",2,"A","-",21453,"A","N","A","H","-","C","A","0","Y","L","04",0,1,0,0,0,0,1,0,0,"-","-","SUNNYVALE","SANTA CLARA","CA",0,0
"4604312",-121.995873057,37.396074985,2010,"4316","0","7","3","09",0,2,"A",,,,,,2400,2,"D","C","A","LAWRENCE EXPWY","SANDIA AV",0,,"Y","2010-12-13",4316,"2010-02-28",2114,"10314","21","5","6","0","0",,"0","002","-","N",,0,0,,,0,,,,"Y",2,"A","-",21453,"C","N","A","H","-","C","A","0","Y","A","01",0,1,1,0,0,0,0,0,0,"-","-","SUNNYVALE","SANTA CLARA","CA",0,0
"4604318",-122.059813061,37.3487949753,2010,"4316","0","1","4","05",0,1,"A",,"Y",,,,1800,2,"D","G","A","FREMONT AV","RT 85",0,,"Y","2011-02-10",4316,"2010-02-22",1523,"14314","51","5","6","0","0",,"0","005","-","Y","SCL",4,85,"-","R",19.734,"R","1","N","Y",2,"A","-",21650,"1","N","A","H","-","A","A","0","Y","-","-",0,0,1,0,0,0,1,0,0,"-","-","SUNNYVALE","SANTA CLARA","CA",0,0
"4607367",-122.059253062,37.352044977,2010,"4316","0","2","3","00",0,1,"B",,,,,,900,2,"D","C","A","FREMONT AV","BERNARDO AV",0,,"Y","2010-12-13",4316,"2010-02-09",640,"20277","51","5","6","0","0",,"0","005","C","N",,0,0,,,0,,,,"Y",2,"D","-",0,,"N","B","H","-","B","A","0","Y","-","-",0,1,0,0,0,0,0,0,0,"-","-","SUNNYVALE","SANTA CLARA","CA",0,0
"4607371",-122.048151816,37.381612856,2010,"4316","0","1","4","09",0,2,"A",,,,,,1500,2,"D","C","A","CARSON CT","LEOTA AV",300,"E","N","2010-12-13",4316,"2010-02-08",1417,"14462","32","5","6","0","0",,"0","003","-","N",,0,0,,,0,,,,"Y",2,"A","-",21804,"A","N","A","H","-","A","D","0","Y","A","01",0,0,2,0,0,0,0,0,0,"-","-","SUNNYVALE","SANTA CLARA","CA",0,0
"4607426",-122.005558819,37.352124982,2010,"4316","0","2","4","04",0,1,"A",,,,,,600,2,"C","C","A","RT 82","HENDERSON AV",20,"W","N","2011-01-19",4316,"2010-02-09",300,"20284","63","5","6","0","0",,"0","006","B","Y","SCL",4,82,"-","-",14.84,"H","-","S","N",2,"A","-",21703,,"N","B","H","-","A","A","0","Y","A","01",0,0,1,0,0,0,0,0,0,"-","-","SUNNYVALE","SANTA CLARA","CA",0,0
"4607434",-122.021591433,37.396598168,2010,"4316","0","1","4","08",0,1,"B",,,,,,1800,2,"D","C","A","ALTURAS AV","BORREGAS AV",400,"E","N","2010-12-08",4316,"2010-02-08",1702,"17469","14","5","6","0","0",,"0","001","-","N",,0,0,,,0,,,,"Y",2,"A","-",22107,,"N","A","H","-","B","D","0","Y","A","01",0,0,1,0,0,0,0,0,0,"-","-","SUNNYVALE","SANTA CLARA","CA",0,0
"4607438",-122.032463057,37.352044978,2010,"4316","0","4","4","00",0,2,"C",,,,,,2100,2,"D","C","A","SUNNYVALE SARATOGA RD","FREMONT AV",0,,"Y","2010-12-08",4316,"2010-02-04",1915,"13877","55","5","6","0","0",,"0","005","-","N",,0,0,,,0,,,,"Y",3,"D","-",0,,"N","B","H","-","C","A","0","Y","-","-",0,0,2,0,0,0,0,0,0,"-","-","SUNNYVALE","SANTA CLARA","CA",0,0
"4616567",-121.99602082,37.38672885,2010,"4316","4","2","3","03",0,2,"B",,,,,,1200,2,"C","C","A","LAWRENCE EXPWY","OAKMEAD PKWY",35,"S","N","2010-12-09",9340,"2010-02-02",925,"15465",,"1","6","0","2",,"2","620","-","N",,0,0,,,0,,,,"Y",2,"A","-",22350,,"N","A","H","-","A","A","0","Y","A","01",0,1,1,0,0,0,0,0,0,"-","-","SUNNYVALE","SANTA CLARA","CA",-121.99568,37.38662
"4620409",-121.995924431,37.402959012,2010,"4316","0","5","4","03",0,1,"B",,,,,,2100,2,"C","C","A","LAWRENCE EXPWY","TASMAN DR",200,"S","N","2011-01-04",4316,"2010-02-26",1940,"13877","22","5","6","0","0",,"0","002","-","N",,0,0,,,0,,,,"Y",2,"A","-",22350,,"N","B","H","-","C","D","0","Y","A","01",0,0,1,0,0,0,0,0,0,"-","-","SUNNYVALE","SANTA CLARA","CA",0,0
"4623340",-122.047245594,37.334273537,2010,"4316","1","5","3","03",0,1,"C",,,,,,1500,2,"C","E","A","RT 280","RT 85",2245,"S","N","2011-02-02",9340,"2010-02-26",1400,"19882",,"2","6","0","1",,"2","282","-","Y","SCL",4,280,"-","-",10.31,"H","-","N","Y",2,"A","-",22350,,"N","B","H","-","A","D","1","Y","A","01",0,1,0,0,0,0,0,0,0,"-","-","SUNNYVALE","SANTA CLARA","CA",-122.05051,37.33396
"4623420",-122.054261972,37.332863084,2010,"4316","1","2","2","03",0,2,"B",,,,,,900,2,"C","C","A","RT 280","RT85",25,"S","N","2011-02-02",9340,"2010-02-09",740,"015465",,"1","6","0","1",,"2","282","-","Y","SCL",4,280,"-","-",10.73,"H","-","N","Y",5,"A","-",22350,,"N","B","H","-","A","D","1","Y","A","01",1,0,1,0,0,0,0,0,0,"-","-","SUNNYVALE","SANTA CLARA","CA",0,0
"4624963",-122.018863059,37.380474982,2010,"4316","0","3","4","03",0,1,"A",,,,"Y",,900,3,"C","C","A","CENTRAL EXPWY","FAIR OAKS",800,,"N","2011-01-25",4316,"2010-03-31",809,"12743","15","5","6","0","0",,"0","001","-","N",,0,0,,,0,,,,"Y",2,"A","-",22350,,"N","B","H","-","A","D","0","Y","F","26",0,0,1,0,0,0,0,0,0,"-","-","SUNNYVALE","SANTA CLARA","CA",0,0
"4625799",-122.031323459,37.386737487,2010,"4316","0","3","4","04",0,2,"A",,,,,,1500,3,"C","C","A","MATHILDA AV","INDIO WY",200,"N","N","2011-01-11",4316,"2010-03-24",1239,"13877","13","5","6","0","0",,"0","001","-","N",,0,0,,,0,,,,"N",3,"A","-",21703,,"N","A","H","-","A","A","0","Y","A","01",0,0,2,0,0,0,0,0,0,"-","-","SUNNYVALE","SANTA CLARA","CA",0,0
"4625803",-122.03366306,37.37927498,2010,"4316","0","5","4","08",0,1,"A",,,,,,900,3,"C","C","A","EVELYN AV","MATHILDA AV",0,,"Y","2011-01-11",4316,"2010-03-26",852,"14547","34","5","6","0","0",,"0","003","-","N",,0,0,,,0,,,,"Y",2,"A","-",22107,,"N","A","D","-","A","A","0","Y","A","01",0,0,1,0,0,0,0,0,0,"-","-","SUNNYVALE","SANTA CLARA","CA",0,0
"4625815",-122.041523058,37.346590033,2010,"4316","0","1","4","21",0,1,"A",,"Y",,,,1200,3,"C","G","A","HOLLENBECK AV","CHEYENNE DR",20,"S","N","2011-01-11",4316,"2010-03-29",1000,"20284","54","5","6","0","0",,"0","005","-","N",,0,0,,,0,,,,"N",2,"A","-",22106,,"N","A","H","-","A","D","0","Y","-","-",0,0,1,0,0,0,1,0,0,"-","-","SUNNYVALE","SANTA CLARA","CA",0,0
"4625819",-122.014133054,37.35323498,2010,"4316","0","3","4","03",0,1,"C",,,,,,1800,3,"C","C","A","WOLFE RD","RT82",200,"N","N","2011-02-10",4316,"2010-03-31",1735,"15839","42","5","6","0","0",,"0","004","-","Y","SCL",4,82,"-","-",15.32,"I","6","N","Y",3,"A","-",22350,,"N","B","H","-","A","A","0","Y","A","01",0,0,1,0,0,0,0,0,0,"-","-","SUNNYVALE","SANTA CLARA","CA",0,0
"4625823",-122.032652277,37.352041538,2010,"4316","0","6","4","08",0,2,"A",,,,,,2100,3,"D","C","A","FREMONT AV","SUNNYVALE SARATOGA",55,"W","N","2011-01-11",4316,"2010-03-27",1825,"14129","55","5","6","0","0",,"0","005","-","N",,0,0,,,0,,,,"Y",2,"A","-",22107,,"N","A","H","-","A","A","0","Y","A","07",0,0,2,0,0,0,0,0,0,"-","-","SUNNYVALE","SANTA CLARA","CA",0,0
"4625839",-122.050538461,37.352909116,2010,"4316","0","3","4","09",0,1,"C",,,,,,1800,3,"D","C","A","MARY AV","FREMONT AV",300,"N","N","2011-01-11",4316,"2010-03-31",1728,"12762","53","5","6","0","0",,"0","005","-","N",,0,0,,,0,,,,"Y",2,"A","-",21804,"A","N","B","H","-","A","D","0","Y","A","01",0,0,1,0,0,0,0,0,0,"-","-","SUNNYVALE","SANTA CLARA","CA",0,0
"4627176",-121.994805533,37.4101638463,2010,"4316","3","3","4","03",0,1,"B",,,,,,900,3,"C","C","A","RT 101","CARIBBEAN DR",800,"E","N","2011-03-09",9340,"2010-03-03",830,"17095",,"1","6","0","1",,"2","230","C","Y","SCL",4,237,"-","R",4.75,"H","-","W","Y",2,"A","-",22350,,"N","B","H","-","A","D","1","Y","A","01",0,0,1,0,0,0,0,0,0,"-","-","SUNNYVALE","SANTA CLARA","CA",-121.99632,37.41007
"4628490",-122.002976301,37.352321045,2010,"4316","0","6","4","03",0,2,"A",,,,,,2100,2,"C","C","A","RT 82","SYCAMORE TER",0,,"Y","2011-02-10",4316,"2010-02-13",1837,"14129","44","5","6","0","0",,"0","004","-","Y","SCL",4,82,"-","-",14.7,"H","-","N","N",2,"A","-",22350,,"N","A","H","-","C","D","0","Y","A","01",0,0,2,0,0,0,0,0,0,"-","-","SUNNYVALE","SANTA CLARA","CA",0,0
"4628537",-121.998830757,37.409247816,2010,"4316","0","4","3","04",0,3,"B",,,,,,1800,2,"C","C","A","LAWRENCE EXPWY","RT 237",15,"S","N","2010-12-29",4316,"2010-02-18",1625,"13877","22","5","6","0","0",,"0","002","-","N",,0,0,,,0,,,,"N",2,"A","-",21703,,"N","A","H","-","A","D","0","Y","A","01",0,2,1,0,0,0,0,0,0,"-","WO","SUNNYVALE","SANTA CLARA","CA",0,0
"4628545",-122.022333062,37.4039949838,2010,"4316","0","6","4","17",0,1,"A",,,,,,1800,2,"D","C","A","MATHILDA","RT 237",0,,"Y","2011-04-01",4316,"2010-02-13",1621,"10138","12","5","6","0","0",,"0","001","-","Y","SCL",4,237,"-","-",3.181,"R","4","W","N",2,"A","-",21461,"A","N","A","H","-","A","A","0","Y","-","-",0,0,1,0,0,0,0,0,0,"-","-","SUNNYVALE","SANTA CLARA","CA",0,0
"4630552",-122.032532249,37.382095449,2010,"4316","0","2","4","03",0,1,"A",,,,,,900,3,"C","E","A","CALIFORNIA AV","MATHILDA AV",91,"E","N","2011-01-07",4316,"2010-03-16",825,"14374","13","5","6","0","0",,"0","001","-","N",,0,0,,,0,,,,"Y",2,"A","-",22350,,"N","A","H","-","A","D","0","Y","A","01",0,0,1,0,0,0,0,0,0,"-","-","SUNNYVALE","SANTA CLARA","CA",0,0
"4630556",-122.023870615,37.360985643,2010,"4316","0","1","3","08",0,1,"A",,,,,,1800,3,"C","E","A","RT 82","MARIA LN",2640,"W","N","2011-02-10",4316,"2010-03-15",1746,"10449","42","5","6","0","0",,"0","004","-","Y","SCL",4,82,"-","-",16.1,"H","-","N","Y",2,"A","-",22107,,"N","A","H","-","A","D","0","Y","A","01",0,1,0,0,0,0,0,0,0,"-","-","SUNNYVALE","SANTA CLARA","CA",0,0
"4630600",-122.024547223,37.361318959,2010,"4316","0","6","4","03",0,1,"A",,,,,,1500,3,"C","C","A","RT 82","REMINGTON DR",15,"W","N","2011-03-02",4316,"2010-03-13",1231,"20284","42","5","6","0","0",,"0","004","-","Y","SCL",4,82,"-","-",16.15,"H","-","S","Y",3,"A","-",22350,,"N","A","H","-","A","A","0","Y","A","01",0,0,1,0,0,0,0,0,0,"-","-","SUNNYVALE","SANTA CLARA","CA",0,0
"4630612",-122.044045776,37.386778766,2010,"4316","0","5","4","03",0,1,"B",,,,,,1200,3,"C","C","A","CENTRAL EXPWY","MARY",150,"W","N","2011-01-07",4316,"2010-03-12",912,"12586",,"5","6","0","0",,"0","001","-","N",,0,0,,,0,,,,"Y",2,"A","-",22350,,"N","A","H","-","A","D","0","Y","A","01",0,0,1,0,0,0,0,0,0,"-","-","SUNNYVALE","SANTA CLARA","CA",0,0
"4630650",-122.054173812,37.3309757309,2010,"4316","3","5","4","03",0,1,"B",,,,,,1500,3,"E","I","A","RT 85","RT 280",300,"N","N","2011-02-08",9340,"2010-03-12",1225,"20015",,"1","6","0","1",,"2","085","C","Y","SCL",4,85,"-","R",18.302,"R","2","N","Y",1,"A","-",22350,,"N","B","H","-","A","D","6","Y","A","01",0,0,1,0,0,0,0,0,0,"FR","-","SUNNYVALE","SANTA CLARA","CA",-122.0553,37.33348
"4631568",-122.059777146,37.344679779,2010,"4316","3","2","4","03",0,1,"B",,,,,,900,2,"C","C","A","RT 85","THE DALLES AV",200,"S","N","2011-02-08",9340,"2010-02-23",855,"15465",,"1","6","0","1",,"2","085","C","Y","SCL",4,85,"-","R",19.35,"H","-","N","Y",3,"A","-",22350,,"N","B","H","-","A","D","6","Y","A","08",0,0,1,0,0,0,0,0,0,"-","-","SUNNYVALE","SANTA CLARA","CA",-122.05968,37.34472
"4635160",-122.008216013,37.394742894,2010,"4316","2","4","4","08",0,1,"B",,,,,,600,3,"E","I","A","RT101","FAIR OAKS",1000,"S","N","2011-02-07",9340,"2010-03-04",343,"19751",,"3","6","0","1",,"2","120","-","Y","SCL",4,101,"-","-",44.64,"H","-","N","Y",1,"A","-",22107,,"N","B","H","-","D","D","1","Y","A","01",0,0,1,0,0,0,0,0,0,"-","-","SUNNYVALE","SANTA CLARA","CA",-122.00523,37.39396
"4638907",-122.011080113,37.388216009,2010,"4316","0","4","4","09",0,3,"A",,,,,,1800,3,"D","C","A","DUANE","SAN JUAN",184,"E","N","2011-02-11",4316,"2010-03-11",1651,"10138","26","5","6","0","0",,"0","002","-","N",,0,0,,,0,,,,"Y",2,"A","-",21804,"A","N","A","H","-","A","D","0","Y","-","-",0,0,3,0,0,0,0,0,0,"-","-","SUNNYVALE","SANTA CLARA","CA",0,0
"4639311",-122.031132467,37.4021686348,2010,"4316","3","4","4","03",0,1,"A",,,,,,2100,1,"C","C","A","RT 237","MATHILDA AV",1380,"W","N","2011-03-09",9340,"2010-01-28",1820,"18880",,"2","6","0","1",,"2","220","-","Y","SCL",4,237,"-","-",2.73,"H","-","W","Y",5,"A","-",22350,,"N","A","H","-","D","D","1","Y","A","01",0,0,1,0,0,0,0,0,0,"-","-","SUNNYVALE","SANTA CLARA","CA",-122.03052,37.40242
"4647383",-122.014231012,37.344748265,2010,"4316","0","4","4","03",0,1,"A",,,,,,1800,4,"C","C","A","WOLFE RD","MARION AV",250,"S","N","2011-03-08",4316,"2010-04-01",1548,"14231","63","5","6","0","0",,"0","006","-","N",,0,0,,,0,,,,"Y",2,"A","-",22350,,"N","A","H","-","A","A","0","Y","A","01",0,0,1,0,0,0,0,0,0,"-","-","SUNNYVALE","SANTA CLARA","CA",0,0
"4648522",-122.039675107,37.401444265,2010,"4316","2","2","4","03",0,1,"A",,,"Y",,,2100,3,"C","C","A","RT101","RT 237",1320,"N","N","2011-03-02",9340,"2010-03-23",1935,"19997",,"2","6","0","1",,"2","120","-","Y","SCL",4,101,"-","-",46.38,"H","-","S","N",2,"A","-",22350,,"N","A","H","-","D","D","1","Y","A","01",0,0,1,0,0,0,0,0,1,"-","-","SUNNYVALE","SANTA CLARA","CA",-122.03779,37.40094
"4651590",-121.996095675,37.39000657,2010,"4316","4","4","4","12",0,1,"A",,,,,,1500,4,"D","C","A","LAWRENCE EXPY","RT 101",400,"S","N","2011-03-04",9340,"2010-04-01",1210,"17225",,"1","6","0","2",,"2","610","-","N",,0,0,,,0,,,,"N",2,"A","-",21453,"A","N","A","H","-","A","D","0","Y","A","01",0,0,1,0,0,0,0,0,0,"-","-","SUNNYVALE","SANTA CLARA","CA",-121.99588,37.38978
"4654345",-122.008337842,37.394772133,2010,"4316","2","4","4","03",0,1,"B",,,,,,600,3,"A","C","A","RT 101","FAIR OAKS",930,"S","N","2011-03-02",9340,"2010-03-04",345,"18750",,"3","6","0","1",,"2","120","-","Y","SCL",4,101,"-","-",44.65,"H","-","N","Y",2,"A","-",22350,,"N","B","H","-","D","D","1","Y","A","01",0,0,1,0,0,0,0,0,0,"-","-","SUNNYVALE","SANTA CLARA","CA",-122.00523,37.39396
"4665145",-121.995912979,37.344620868,2010,"4316","1","7","4","-",0,1,"A",,,"Y",,,1800,3,"C","C","A","LAWRENCE EXPY","BENTON ST",300,"S","N","2011-02-16",9340,"2010-03-21",1610,"19877",,"2","6","0","1",,"2","282","-","N",,0,0,,,0,,,,"Y",2,"A","-",0,,"N","A","H","-","A","D","0","Y","C","02",0,0,1,0,0,0,0,0,1,"-","-","SUNNYVALE","SANTA CLARA","CA",-121.99568,37.34475
"4666328",-122.025568459,37.360259309,2010,"4316","0","3","4","03",0,2,"A",,,,,,1800,4,"C","C","A","REMINGTON DR","MICHELANGELO DR",30,"N","N","2011-03-11",4316,"2010-04-07",1630,"14399","61","5","6","0","0",,"0","006","-","N",,0,0,,,0,,,,"N",2,"A","-",22350,,"N","A","H","-","A","D","0","Y","A","07",0,0,2,0,0,0,0,0,0,"-","-","SUNNYVALE","SANTA CLARA","CA",0,0
"4666336",-121.991463056,37.395744985,2010,"4316","0","7","3","12",0,1,"B",,,,,,1500,4,"D","C","A","SANDIA AV","FAIRWOOD AV",0,,"Y","2011-03-11",4316,"2010-04-04",1221,"15148",,"5","6","0","0",,"0","001","-","N",,0,0,,,0,,,,"Y",2,"A","-",22450,"A","N","A","H","-","A","A","0","Y","A","01",0,1,0,0,0,0,0,0,0,"-","-","SUNNYVALE","SANTA CLARA","CA",0,0
"4666348",-122.03624306,37.37171498,2010,"4316","0","4","4","12",0,1,"B",,,,,,2100,4,"D","C","A","MATHILDA","OLIVE AV",0,,"Y","2011-03-11",4316,"2010-04-01",2000,"10663","33","5","6","0","0",,"0","003","-","N",,0,0,,,0,,,,"Y",2,"A","-",21453,"A","N","A","H","-","C","A","0","Y","A","01",0,0,1,0,0,0,0,0,0,"-","-","SUNNYVALE","SANTA CLARA","CA",0,0
"4666356",-122.02755532,37.341234979,2010,"4316","0","5","4","03",0,1,"A","Y",,,,,2100,4,"G","B","D","INVERNESS AV","CANARY DR",72,"E","N","2011-03-11",4316,"2010-04-09",1928,"20283","62","5","6","0","0",,"0","006","-","N",,0,0,,,0,,,,"N",2,"A","-",22350,,"N","A","H","-","A","D","0","Y","A","01",0,0,1,0,1,0,0,0,0,"-","-","SUNNYVALE","SANTA CLARA","CA",0,0
"4666360",-122.014233053,37.339775365,2010,"4316","0","5","4","03",0,1,"A",,,"Y",,,1200,4,"C","C","A","S WOLFE RD","HOMESTEAD RD",750,"N","N","2011-03-11",4316,"2010-04-09",934,"15838","62","5","6","0","0",,"0","006","-","N",,0,0,,,0,,,,"Y",3,"A","-",22350,,"N","A","H","-","A","A","0","Y","C","02",0,0,1,0,0,0,0,0,1,"-","-","SUNNYVALE","SANTA CLARA","CA",0,0
"4666583",-121.991313055,37.385204984,2010,"4316","0","4","4","09",0,1,"A",,,,,,1500,4,"A","C","A","MIDAS WY","MERCURY DR",0,,"Y","2011-03-15",4316,"2010-04-08",1235,"14398","28","5","6","0","0",,"0","002","-","N",,0,0,,,0,,,,"N",2,"A","-",21801,"A","N","A","H","-","A","D","0","Y","D","22",0,0,1,0,0,0,0,0,0,"-","-","SUNNYVALE","SANTA CLARA","CA",0,0
"4666587",-122.024593026,37.361604196,2010,"4316","0","7","4","12",0,1,"C",,,,,,2400,4,"D","C","A","RT82","FAIR OAKS",0,,"Y","2011-04-28",4316,"2010-04-11",2115,"14462","42","5","6","0","0",,"0","004","-","Y","SCL",4,82,"-","-",16.16,"I","5","N","Y",2,"A","-",21453,"A","N","B","H","-","C","A","0","Y","A","01",0,0,1,0,0,0,0,0,0,"-","-","SUNNYVALE","SANTA CLARA","CA",0,0
"4666599",-122.023513058,37.37214498,2010,"4316","0","4","4","09",0,1,"A",,"Y",,,,900,4,"G","G","A","MCKINLEY AV","KENMORE AV",0,,"Y","2011-03-15",4316,"2010-04-15",705,"14398","33","5","6","0","0",,"0","003","-","N",,0,0,,,0,,,,"N",2,"A","-",21802,"A","N","A","H","-","A","A","0","Y","L","04",0,0,1,0,0,0,1,0,0,"-","-","SUNNYVALE","SANTA CLARA","CA",0,0
"4666611",-122.000278589,37.388711379,2010,"4316","0","5","3","01",0,1,"A",,,,,"Y",2100,4,"E","E","A","SAN SIMEON DR","DUANE AV",68,"N","N","2011-03-15",4316,"2010-04-09",1934,"14243","26","5","6","0","0",,"0","002","-","N",,0,0,,,0,,,,"Y",2,"A","-",23152,"A","N","A","H","-","B","D","0","Y","-","-",0,1,0,0,0,0,0,0,0,"-","-","SUNNYVALE","SANTA CLARA","CA",0,0
"4666615",-122.0031965,37.35231809,2010,"4316","0","6","3","05",0,1,"B",,"Y",,,,1500,4,"A","G","A","EL CAMINO REAL","SYCAMORE TER",0,,"Y","2011-05-11",4316,"2010-04-10",1219,"14395","44","5","6","0","0",,"0","004","-","Y","SCL",4,82,"-","-",14.712,"I","5","N","N",2,"A","-",21650,"1","N","A","H","-","A","D","0","Y","L","04",0,1,0,0,0,0,1,0,0,"-","-","SUNNYVALE","SANTA CLARA","CA",0,0
"4666619",-122.031838973,37.367579415,2010,"4316","0","5","4","11",0,1,"B","Y",,,,,2100,4,"G","B","D","RT82","SUNNYVALE AV",18,"E","N","2011-05-11",4316,"2010-04-09",1820,"82310","34","5","6","0","0",,"0","003","-","Y","SCL",4,82,"-","-",16.75,"H","-","N","N",2,"A","-",21954,"A","N","A","C","-","A","D","0","Y","N","60",0,0,1,0,1,0,0,0,0,"-","-","SUNNYVALE","SANTA CLARA","CA",0,0
"4670320",-122.041444733,37.340629682,2010,"4316","0","2","4","09",0,2,"A",,,,,,1800,3,"D","C","A","HOLLENBECK AV","GRAND COULEE AV",585,"S","N","2011-02-17",4316,"2010-03-16",1759,"16650","54","5","6","0","0",,"0","005","-","N",,0,0,,,0,,,,"Y",3,"A","-",21804,"A","N","A","H","-","A","D","0","Y","A","01",0,0,2,0,0,0,0,0,0,"-","-","SUNNYVALE","SANTA CLARA","CA",0,0
"4670321",-122.028877402,37.395395027,2010,"4316","0","6","4","03",0,2,"A",,,,,,1200,3,"C","C","A","MATHILDA","AHWANEE",150,"S","N","2011-02-17",4316,"2010-03-20",1002,"12743","14","5","6","0","0",,"0","001","-","N",,0,0,,,0,,,,"N",2,"A","-",22350,,"N","A","H","-","A","A","0","Y","A","08",0,0,2,0,0,0,0,0,0,"-","-","SUNNYVALE","SANTA CLARA","CA",0,0
"4670325",-122.014303059,37.391244983,2010,"4316","0","7","4","12",0,1,"A",,,,,,1200,3,"D","C","A","FAIR OAKS","CALIENTE DR",0,,"Y","2011-02-17",4316,"2010-03-21",1154,"14977",,"5","6","0","0",,"0","002","-","N",,0,0,,,0,,,,"N",2,"A","-",21453,"A","N","A","H","-","A","A","0","Y","A","01",0,0,1,0,0,0,0,0,0,"-","-","SUNNYVALE","SANTA CLARA","CA",0,0
"4670333",-122.014233054,37.3481763,2010,"4316","0","5","3","01",0,1,"A",,,"Y",,"Y",2100,3,"H","A","A","S WOLFE RD","ELIZABETH WY",25,"S","N","2011-02-17",4316,"2010-03-19",1920,"14129","63","5","6","0","0",,"0","006","-","N",,0,0,,,0,,,,"Y",2,"A","-",23153,"A","N","A","H","-","A","D","0","Y","D","22",0,1,0,0,0,0,0,0,1,"-","-","SUNNYVALE","SANTA CLARA","CA",0,0
"4670374",-122.041441457,37.338347314,2010,"4316","0","3","4","01",0,1,"A",,,,,"Y",300,3,"E","I","A","HOLLENBECK AV","HOMESTEAD RD",303,"N","N","2011-02-17",4316,"2010-03-17",227,"16650","56","5","6","0","0",,"0","005","-","N",,0,0,,,0,,,,"Y",1,"A","-",23152,"A","N","A","H","-","C","D","0","Y","D","22",0,0,1,0,0,0,0,0,0,"-","-","SUNNYVALE","SANTA CLARA","CA",0,0
"4678455",-122.034513064,37.400514982,2010,"4316","2","7","2","03",0,2,"A",,,,,,600,4,"E","I","A","RT 101","RT 237",130,"N","N","2011-04-01",9340,"2010-04-18",330,"020009",,"3","6","0","1",,"2","120","-","Y","SCL",4,101,"-","-",46.154,"R","2","N","Y",1,"A","-",22350,,"N","A","H","-","D","D","1","Y","A","01",1,1,0,0,0,0,0,0,0,"TO","-","SUNNYVALE","SANTA CLARA","CA",-122.03527,37.40192
"4678820",-122.012229688,37.403338548,2010,"4316","0","4","3","01",0,1,"A",,,,,"Y",1500,4,"F","I","A","TASMAN DR","LA ROCHELLE TER",5,"W","N","2011-03-21",4316,"2010-04-22",1232,"14457","12","5","6","0","0",,"0","001","-","N",,0,0,,,0,,,,"Y",1,"A","-",23152,"A","N","A","H","-","A","D","0","Y","A","01",0,1,0,0,0,0,0,0,0,"-","-","SUNNYVALE","SANTA CLARA","CA",0,0
"4678824",-122.012903058,37.382734983,2010,"4316","0","1","3","08",0,1,"B",,,,,,1800,4,"D","C","A","STEWART","WOLFE",0,,"Y","2011-03-21",4316,"2010-04-19",1616,"62682",,"5","6","0","0",,"0","002","-","N",,0,0,,,0,,,,"Y",2,"A","-",22107,,"N","A","H","-","A","D","0","Y","A","01",0,1,0,0,0,0,0,0,0,"-","-","SUNNYVALE","SANTA CLARA","CA",0,0
"4678828",-122.032153407,37.352047826,2010,"4316","0","3","4","09",0,1,"C",,"Y",,,,1200,4,"G","G","A","FREMONT AV","SUNNYVALE SARATOGA RD",90,"E","N","2011-03-21",4316,"2010-04-21",1150,"14398","61","5","6","0","0",,"0","006","-","N",,0,0,,,0,,,,"N",2,"A","-",21804,"A","N","B","H","-","A","D","0","Y","A","07",0,0,1,0,0,0,1,0,0,"-","-","SUNNYVALE","SANTA CLARA","CA",0,0
"4678835",-122.025023058,37.361714979,2010,"4316","0","2","3","03",0,1,"B",,,,,,1200,4,"C","C","A","EL CAMINO REAL","N FAIR OAKS AV",0,,"Y","2011-03-21",4316,"2010-04-20",1023,"17532","42","5","6","0","0",,"0","004","-","N",,0,0,,,0,,,,"N",2,"A","-",22350,,"N","B","H","-","A","A","0","Y","A","07",0,1,0,0,0,0,0,0,0,"-","-","SUNNYVALE","SANTA CLARA","CA",0,0