"CASEID","POINT_X","POINT_Y","YEAR_","LOCATION","CHPTYPE","DAYWEEK","CRASHSEV","VIOLCAT","KILLED","INJURED","WEATHER1","PEDCOL","BICCOL","MCCOL","TRUCKCOL","ETOH","TIMECAT","MONTH_","CRASHTYP","INVOLVE","PED","PRIMARYRD","SECONDRD","DISTANCE","DIRECT","INTERSECT_","PROCDATE","JURIS","DATE_","TIME_","BADGE","JURIDIST","SHIFT","POP","SPECIAL","BEATTYPE","LAPDDIV","BEATCLAS","BEATNUMB","WEATHER2","STATEHW","CALTRANC","CALTRAND","STROUTE","ROUTESUF","POSTPRE","POSTMILE","LOCATYPE","RAMP","SIDEHW","TOWAWAY","PARTIES","PCF","VIOLCODE","VIOL","VIOLSUB","HITRUN","ROADSURF","RDCOND1","RDCOND2","LIGHTING","RIGHTWAY","CHPRDTYP","NOTPRIV","STFAULT","CHPFAULT","SEVINJ","OTHERINJ","COP","PEDKILL","PEDINJ","BICKILL","BICINJ","MCKILL","MCINJURE","RAMP1","RAMP2","CITY","COUNTY","STATE","X_CHP","Y_CHP"
"4827785",-121.988584766,37.389345683,2010,"4316","0","2","4","03",0,1,"B",,,,,,900,7,"E","I","A","WILDWOOD AV","SOCORRO AV",10,"W","N","2011-07-06",4316,"2010-07-27",650,"20277","25","5","6","0","0",,"0","002","-","N",,0,0,,,0,,,,"Y",1,"A","-",22350,,"N","A","-","-","B","D","0","Y","A","01",0,0,1,0,0,0,0,0,0,"-","-","SUNNYVALE","SANTA CLARA","CA",0,0
"4827793",-122.054161836,37.380415243,2010,"4316","0","2","3","01",0,1,"A",,,,,"Y",300,7,"C","E","A","BERNARDO AV","WASHINGTON AV",98,"S","N","2011-07-13",4316,"2010-07-27",144,"14315",,"5","6","0","0",,"0","003","-","N",,0,0,,,0,,,,"Y",2,"A","-",23153,"A","N","A","H","-","C","D","0","Y","-","-",0,1,0,0,0,0,0,0,0,"-","-","SUNNYVALE","SANTA CLARA","CA",0,0
"4827797",-122.052678832,37.374518132,2010,"4316","0","6","4","11",0,1,"A","Y",,,,,2400,7,"D","B","D","OLIVE AV","LEOTA AV",300,"W","N","2011-07-06",4316,"2010-07-24",2149,"14553","32","5","6","0","0",,"0","003","-","N",,0,0,,,0,,,,"N",2,"A","-",21954,"A","N","A","H","-","C","D","0","Y","N","60",0,0,1,0,1,0,0,0,0,"-","-","SUNNYVALE","SANTA CLARA","CA",0,0
"4827801",-122.055073061,37.352064976,2010,"4316","0","3","3","12",0,1,"A",,,,,,1500,7,"D","C","A","FREMONT AV","WRIGHT AV",0,,"Y","2011-07-06",4316,"2010-07-28",1256,"12974","53","5","6","0","0",,"0","005","-","N",,0,0,,,0,,,,"N",2,"A","-",22450,"A","N","A","D","-","A","A","0","Y","A","01",0,1,0,0,0,0,0,0,0,"-","-","SUNNYVALE","SANTA CLARA","CA",0,0
"4827805",-122.016967406,37.349809857,2010,"4316","0","4","3","09",0,1,"A",,"Y",,,,1800,7,"D","G","A","KINGFISHER","CARLISLE WY",400,"N","N","2011-07-06",4316,"2010-07-22",1700,"14398","62","5","6","0","0",,"0","006","-","N",,0,0,,,0,,,,"N",2,"A","-",21804,"A","N","A","H","-","A","D","0","Y","L","04",0,1,0,0,0,0,1,0,0,"-","-","SUNNYVALE","SANTA CLARA","CA",0,0
"4827809",-122.01078306,37.405384984,2010,"4316","0","4","4","09",0,1,"A",,,,,,1200,7,"D","C","A","PERSIAN DR","FAIR OAKS WY",0,,"Y","2011-07-06",4316,"2010-07-29",927,"14553","12","5","6","0","0",,"0","001","-","N",,0,0,,,0,,,,"Y",2,"A","-",21801,"A","N","A","H","-","A","D","0","Y","A","01",0,0,1,0,0,0,0,0,0,"-","-","SUNNYVALE","SANTA CLARA","CA",0,0
"4827813",-122.032429096,37.363477245,2010,"4316","0","3","4","09",0,3,"A",,,,,,1800,7,"D","C","A","SUNNYVALE SARATOGA RD","MATHILDA AV",325,"S","N","2011-07-06",4316,"2010-07-28",1716,"15130","52","5","6","0","0",,"0","005","-","N",,0,0,,,0,,,,"Y",2,"A","-",21804,"A","N","A","H","-","A","D","0","Y","A","08",0,0,3,0,0,0,0,0,0,"-","-","SUNNYVALE","SANTA CLARA","CA",0,0
"4827817",-122.026346174,37.37533626,2010,"4316","0","5","3","03",0,1,"A",,,,,,2100,7,"C","C","A","BAYVIEW AV","WASHINGTON AV",8,"E","N","2011-07-06",4316,"2010-07-30",1822,"17610","34","5","6","0","0",,"0","003","F","N",,0,0,,,0,,,,"Y",2,"A","-",22350,,"N","A","H","-","A","D","0","Y","A","01",0,1,0,0,0,0,0,0,0,"-","-","SUNNYVALE","SANTA CLARA","CA",0,0
"4829601",-122.032507782,37.352044165,2010,"4316","0","5","4","03",0,2,"A",,,,,,1500,7,"C","C","A","FREMONT AV","SUNNYVALE SARATOGA RD",13,"W","N","2011-07-15",4316,"2010-07-30",1211,"14231","55","5","6","0","0",,"0","005","-","N",,0,0,,,0,,,,"Y",2,"A","-",22350,,"N","A","H","-","A","A","0","Y","A","01",0,0,2,0,0,0,0,0,0,"-","-","SUNNYVALE","SANTA CLARA","CA",0,0
"4829613",-121.995973057,37.403504985,2010,"4316","0","3","4","09",0,2,"A",,,,,,1800,7,"D","C","A","LAWRENCE EXPWY","TASMAN DR",0,,"Y","2011-07-15",4316,"2010-07-28",1510,"14243","22","5","6","0","0",,"0","002","-","N",,0,0,,,0,,,,,2,"A","-",21453,"C","N","A","H","-","A","A","0","Y","A","07",0,0,2,0,0,0,0,0,0,"-","-","SUNNYVALE","SANTA CLARA","CA",0,0
"4829633",-122.039324454,37.37122838,2010,"4316","0","5","4","03",0,2,"A",,,,,,1500,7,"C","C","A","ALL AMERICA WY","OLIVE AV",10,"S","N","2011-08-24",4316,"2010-07-16",1245,"15148","33","5","6","0","0",,"0","003","-","N",,0,0,,,0,,,,"N",2,"A","-",22350,,"N","A","H","-","A","A","0","Y","J","48",0,0,2,0,0,0,0,0,0,"-","-","SUNNYVALE","SANTA CLARA","CA",0,0
"4830689",-122.014020889,37.378503093,2010,"4316","0","1","4","03",0,1,"A",,,,,,1200,8,"C","C","A","CENTRAL EXPWY","WOLFE",300,"W","N","2011-09-12",4316,"2010-08-02",951,"14463","27","5","6","0","0",,"0","002","-","N",,0,0,,,0,,,,"Y",2,"A","-",22350,,"N","A","H","-","A","D","0","Y","A","01",0,0,1,0,0,0,0,0,0,"-","-","SUNNYVALE","SANTA CLARA","CA",0,0
"4830697",-122.011873059,37.398684984,2010,"4316","0","1","3","09",0,1,"A",,"Y",,,,1800,8,"H","G","A","FAIR OAKS AV","WEDDELL DR",0,,"Y","2011-09-12",4316,"2010-08-02",1736,"17472","12","5","6","0","0",,"0","001","-","N",,0,0,,,0,,,,"N",2,"A","-",21801,"A","N","A","H","-","A","A","0","Y","A","01",0,1,0,0,0,0,1,0,0,"-","-","SUNNYVALE","SANTA CLARA","CA",0,0
"4830701",-122.032463057,37.352044978,2010,"4316","0","7","3","01",0,4,"-",,,,,,300,8,"D","C","A","SUNNYVALE SARATOGA RD","W FREMONT AV",0,,"Y","2011-09-12",4316,"2010-08-01",36,"16650","5","5","6","0","0",,"0","055","-","N",,0,0,,,0,,,,"Y",2,"A","-",23153,"A","N","-","-","-","D","A","0","Y","A","01",0,1,3,0,0,0,0,0,0,"-","-","SUNNYVALE","SANTA CLARA","CA",0,0
"4830709",-122.057738044,37.374331381,2010,"4316","0","2","4","03",0,2,"A",,,,,,1500,8,"C","C","A","RT 82","BERNARDO AV",500,"W","N","2011-10-21",4316,"2010-08-03",1333,"14977","51","5","6","0","0",,"0","005","-","Y","SCL",4,82,"-","-",18.23,"H","-","S","Y",3,"A","-",22350,,"N","A","H","-","A","A","0","Y","A","01",0,0,2,0,0,0,0,0,0,"-","-","SUNNYVALE","SANTA CLARA","CA",0,0
"4830717",-122.040724845,37.370147395,2010,"4316","0","3","4","08",0,1,"A",,,,,,900,8,"B","C","A","RT 82","PASTORIA AV",0,,"Y","2011-10-21",4316,"2010-08-04",811,"14231","52","5","6","0","0",,"0","005","-","Y","SCL",4,82,"-","-",17.26,"I","5","N","Y",2,"A","-",22107,,"N","A","H","-","A","A","0","Y","D","22",0,0,1,0,0,0,0,0,0,"-","-","SUNNYVALE","SANTA CLARA","CA",0,0
"4831829",-121.991040699,37.38964718,2010,"4316","2","3","4","03",0,1,"A",,,,,,2100,7,"C","C","A","RT 101","LAWRENCE EXPY",800,"S","N","2011-11-30",9340,"2010-07-28",1805,"19830",,"2","6","0","1",,"2","120","-","Y","SCL",4,101,"-","-",43.71,"H","-","S","N",3,"A","-",22350,,"N","A","H","-","A","D","1","Y","A","07",0,0,1,0,0,0,0,0,0,"-","-","SUNNYVALE","SANTA CLARA","CA",-121.99015,37.38925
"4843610",-122.059613062,37.359494977,2010,"4316","0","7","1","09",1,2,"A",,,,,,1200,7,"D","C","A","REMINGTON DR","BERNARDO AV",0,,"Y","2012-01-25",4316,"2010-07-11",1120,"13542","51","5","6","0","0",,"0","005","-","N",,0,0,,,0,,,,"Y",2,"A","-",21802,"A","N","A","H","-","A","A","0","Y","A","01",0,2,0,0,0,0,0,0,0,"-","-","SUNNYVALE","SANTA CLARA","CA",0,0
"4844475",-122.036533061,37.38030498,2010,"4316","0","2","3","09",0,1,"A",,"Y",,,,2100,8,"H","A","A","EVELYN","WAVERLY",0,,"Y","2011-09-12",4316,"2010-08-10",1828,"10138","33","5","6","0","0",,"0","003","-","N",,0,0,,,0,,,,"N",2,"A","-",21801,"A","N","A","H","-","A","D","0","Y","-","-",0,1,0,0,0,0,1,0,0,"-","-","SUNNYVALE","SANTA CLARA","CA",0,0
"4846442",-122.058363059,37.332114974,2010,"4316","1","1","3","03",0,1,"A",,,"Y",,,1500,8,"F","A","A","RT 280","RT 85",40,"N","N","2012-01-31",9340,"2010-08-02",1310,"19811",,"1","6","0","1",,"2","282","-","Y","SCL",4,280,"-","-",10.771,"R","2","S","N",1,"A","-",22350,,"N","A","H","-","A","D","1","Y","C","02",0,1,0,0,0,0,0,0,1,"TO","-","SUNNYVALE","SANTA CLARA","CA",-122.05116,37.33193
"4846458",-122.014487966,37.4056403147,2010,"4316","3","4","3","08",0,1,"B",,,,,,900,8,"E","I","A","RT 237","FAIR OAKS AV",1080,"W","N","2011-10-21",9340,"2010-08-05",845,"18333",,"1","6","0","1",,"2","220","-","Y","SCL",4,237,"-","R",3.77,"H","-","E","N",1,"A","-",22107,,"N","A","H","-","A","D","1","Y","A","01",0,1,0,0,0,0,0,0,0,"-","-","SUNNYVALE","SANTA CLARA","CA",-122.0139,37.40567
"4846462",-122.015980667,37.396460585,2010,"4316","2","4","4","03",0,1,"A",,,,,,1200,8,"C","C","A","RT 101","FAIR OAKS AV",200,"N","N","2011-10-21",9340,"2010-08-05",1140,"18679",,"1","6","0","1",,"2","120","-","Y","SCL",4,101,"-","-",44.89,"H","-","N","N",2,"A","-",22350,,"N","A","H","-","A","D","1","Y","A","01",0,0,1,0,0,0,0,0,0,"-","-","SUNNYVALE","SANTA CLARA","CA",-122.01373,37.39603
"4846478",-122.060116706,37.349574646,2010,"4316","3","4","4","03",0,1,"A",,,"Y",,,1800,8,"F","A","A","RT 85","FREMONT BL",500,"S","N","2011-10-21",9340,"2010-08-05",1755,"18680",,"2","6","0","1",,"2","085","-","Y","SCL",4,85,"-","R",19.77,"H","-","S","N",1,"A","-",22350,,"N","A","H","-","A","D","6","Y","C","02",0,0,1,0,0,0,0,0,1,"-","-","SUNNYVALE","SANTA CLARA","CA",-122.06013,37.34883
"4846691",-122.020966442,37.397555664,2010,"4316","2","1","3","08",0,1,"A",,,,,,600,7,"E","I","A","RT 101","FAIR OAKS AV",2640,"N","N","2011-10-21",9340,"2010-07-26",410,"19997",,"3","6","0","1",,"2","120","-","Y","SCL",4,101,"-","-",45.33,"H","-","N","Y",1,"A","-",22107,,"N","A","H","-","D","D","1","Y","A","01",0,1,0,0,0,0,0,0,0,"-","-","SUNNYVALE","SANTA CLARA","CA",-122.0201,37.39759
"4848186",-122.058774506,37.336052446,2010,"4316","3","4","4","03",0,2,"A",,,,,,1200,8,"C","C","A","RT 8510 ACRES RD","RT 85",300,"S","N","2011-10-24",9340,"2010-08-19",922,"17641",,"1","6","0","1",,"2","085","-","Y","SCL",4,85,"-","R",18.671,"R","1","N","Y",3,"A","-",22350,,"M","A","H","-","A","D","6","Y","D","22",0,0,2,0,0,0,0,0,0,"TO","-","SUNNYVALE","SANTA CLARA","CA",-122.05549,37.33208
"4848720",-122.023915661,37.39799078,2010,"4316","2","4","4","03",0,1,"B",,,,,,900,3,"D","C","A","RT 101","MATHILDA AV",300,"S","N","2011-03-09",9340,"2010-03-25",810,"19791",,"1","6","0","1",,"2","120","-","Y","SCL",4,101,"-","-",45.62,"H","-","S","Y",3,"A","-",22350,,"N","A","H","-","A","D","1","Y","A","01",0,0,1,0,0,0,0,0,0,"-","-","SUNNYVALE","SANTA CLARA","CA",-122.02552,37.39887
"4850701",-121.99530319,37.4100524324,2010,"4316","4","7","4","03",0,1,"A",,,,,,1800,8,"C","C","A","LAWRENCE EXPWY","RT 237",100,"N","N","2011-11-04",9340,"2010-08-15",1730,"019270",,"2","6","0","2",,"2","610","-","Y","SCL",4,237,"-","R",4.731,"R","4","W","N",2,"A","-",22350,,"N","A","H","-","A","D","1","Y","A","01",0,0,1,0,0,0,0,0,0,"-","-","SUNNYVALE","SANTA CLARA","CA",-121.99913,37.40964
"4850853",-121.990615961,37.389525834,2010,"4316","2","3","4","03",0,1,"A",,,,,,1800,8,"C","C","A","RT101","LAWRENCE EXPY",1000,"S","N","2011-11-03",9340,"2010-08-11",1655,"019597",,"2","6","0","1",,"2","120","-","Y","SCL",4,101,"-","-",43.67,"H","-","S","N",2,"A","-",22350,,"N","A","H","-","A","D","1","Y","A","07",0,0,1,0,0,0,0,0,0,"-","-","SUNNYVALE","SANTA CLARA","CA",-121.98917,37.38897
"4851649",-121.996296709,37.373767928,2010,"4316","4","5","4","03",0,1,"A",,,,,,1800,8,"C","C","A","LAWRENCE EXPWY","KIFER RD",58,"S","N","2011-08-18",9340,"2010-08-13",1600,"18665",,"2","6","0","2",,"2","610","-","N",,0,0,,,0,,,,"N",4,"A","-",22350,,"N","A","H","-","A","A","0","Y","A","01",0,0,1,0,0,0,0,0,0,"-","-","SUNNYVALE","SANTA CLARA","CA",-121.99537,37.38636
"4851844",-121.991465438,37.389768525,2010,"4316","2","2","4","03",0,1,"A",,,,,,1800,8,"C","C","A","RT101","LAWRENCE EXP",528,"S","N","2011-10-21",9340,"2010-08-31",1630,"18679",,"2","6","0","1",,"2","120","-","Y","SCL",4,101,"-","-",43.75,"H","-","S","N",2,"A","-",22350,,"N","A","H","-","A","D","1","Y","A","07",0,0,1,0,0,0,0,0,0,"-","-","SUNNYVALE","SANTA CLARA","CA",-121.98991,37.3895
"4852620",-121.996063055,37.375994983,2010,"4316","4","5","4","03",0,2,"A",,,,,,2100,7,"C","C","A","LAWRENCE EXPWY","RYDER ST",0,,"Y","2011-08-10",9340,"2010-07-23",1930,"19940",,"2","6","0","2",,"2","610","-","N",,0,0,,,0,,,,"N",2,"A","-",22350,,"N","A","H","-","A","D","0","Y","A","01",0,0,2,0,0,0,0,0,0,"-","-","SUNNYVALE","SANTA CLARA","CA",0,0
"4854124",-122.042326157,37.337524977,2010,"4316","0","5","4","03",0,1,"A",,,,,,1800,8,"C","C","A","HOMESTEAD AV","HOLLENBECK AV",260,"W","N","2011-09-16",4316,"2010-08-13",1717,"14129","54","5","6","0","0",,"0","005","-","N",,0,0,,,0,,,,"N",2,"A","-",22350,,"M","A","H","-","A","A","0","Y","A","07",0,0,1,0,0,0,0,0,0,"-","-","SUNNYVALE","SANTA CLARA","CA",0,0
"4854152",-122.030509072,37.389670804,2010,"4316","0","1","4","08",0,1,"A",,"Y",,,,2100,8,"H","A","A","MAUDE AV","MATHILDA",30,"E","-","2011-08-29",4316,"2010-08-16",1820,"15906","13","5","6","0","0",,"0","001","-","N",,0,0,,,0,,,,"N",2,"A","-",22107,,"N","A","H","-","A","D","0","Y","A","01",0,0,1,0,0,0,1,0,0,"-","-","SUNNYVALE","SANTA CLARA","CA",0,0
"4854156",-122.058873063,37.364384977,2010,"4316","0","7","3","03",0,2,"A",,,,,,1200,8,"C","C","A","BERNARDO AV","KNICKERBOCKER DR",0,,"Y","2011-08-29",4316,"2010-08-15",1128,"15618",,"5","6","0","0",,"0","005","-","N",,0,0,,,0,,,,"Y",2,"A","-",22350,,"N","A","H","-","A","D","0","Y","A","01",0,1,1,0,0,0,0,0,0,"-","-","SUNNYVALE","SANTA CLARA","CA",0,0
"4854160",-122.056195705,37.374263135,2010,"4316","0","7","3","09",0,1,"A",,"Y",,,,1200,8,"D","G","A","BERNARDO AV","EL CAMINO REAL",182,"N","N","2011-08-29",4316,"2010-08-15",1000,"15618",,"5","6","0","0",,"0","003","-","N",,0,0,,,0,,,,"N",2,"A","-",21801,"A","N","A","H","-","A","D","0","Y","A","01",0,1,0,0,0,0,1,0,0,"-","-","SUNNYVALE","SANTA CLARA","CA",0,0
"4854334",-122.05608213,37.37388534,2010,"4316","0","5","4","21",0,1,"A",,,,,,1500,8,"C","C","A","RT 82","BERNARDO AV",25,"E","N","2011-10-21",4316,"2010-08-13",1258,"13972","31","5","6","0","0",,"0","003","-","Y","SCL",4,82,"-","-",18.13,"H","-","N","N",2,"A","-",22106,,"N","A","H","-","A","A","0","Y","A","01",0,0,1,0,0,0,0,0,0,"-","-","SUNNYVALE","SANTA CLARA","CA",0,0
"4854366",-122.021173058,37.373584981,2010,"4316","0","5","3","12",0,1,"A",,"Y",,,"Y",2400,8,"D","G","A","EVELYN AV","FAIR OAKS AV",0,,"Y","2011-09-07",4316,"2010-08-20",2315,"15950","34","5","6","0","0",,"0","003","-","N",,0,0,,,0,,,,"N",2,"A","-",21453,"A","N","A","H","-","C","A","0","Y","L","04",0,1,0,0,0,0,1,0,0,"-","-","SUNNYVALE","SANTA CLARA","CA",0,0
"4854394",-122.043543063,37.386684981,2010,"4316","0","2","4","12",0,1,"A",,,,,,2100,8,"D","C","A","MARY AV","CENTRAL EXPWY",0,,"Y","2011-09-07",4316,"2010-08-17",1832,"14398","13","5","6","0","0",,"0","001","-","N",,0,0,,,0,,,,"N",2,"A","-",21453,"A","N","A","H","-","A","A","0","Y","A","01",0,0,1,0,0,0,0,0,0,"-","-","SUNNYVALE","SANTA CLARA","CA",0,0
"4854398",-122.013903057,37.375216302,2010,"4316","0","3","3","08",0,1,"A",,"Y",,,,1200,8,"B","G","A","WOLFE RD","KIFER RD",25,"S","N","2011-09-07",4316,"2010-08-11",952,"14457","16","5","6","0","0",,"0","001","-","N",,0,0,,,0,,,,"N",2,"A","-",22107,,"N","A","H","-","A","A","0","Y","A","07",0,1,0,0,0,0,1,0,0,"-","-","SUNNYVALE","SANTA CLARA","CA",0,0
"4854636",-122.046907194,37.337504978,2010,"4316","0","2","3","-",0,1,"A",,,,,,1800,8,"E","I","A","HOMESTEAD RD","KENNEWICK DR",225,"W","N","2011-08-29",4316,"2010-08-24",1526,"14298","54","5","6","0","0",,"0","005","-","N",,0,0,,,0,,,,"Y",1,"A","-",0,,"N","A","H","-","A","D","0","Y","A","01",0,1,0,0,0,0,0,0,0,"-","-","SUNNYVALE","SANTA CLARA","CA",0,0
"4854863",-122.025667319,37.352092941,2010,"4316","0","3","3","03",0,1,"A",,,,,,1200,8,"C","C","A","FREMONT AV","FLOYD AV",115,"E","N","2011-08-26",4316,"2010-08-25",932,"15906","61","5","6","0","0",,"0","006","-","N",,0,0,,,0,,,,"Y",2,"A","-",22350,,"N","A","H","-","A","D","0","Y","A","08",0,1,0,0,0,0,0,0,0,"-","-","SUNNYVALE","SANTA CLARA","CA",0,0
"4855372",-122.010808932,37.377485037,2010,"4316","0","1","4","03",0,1,"A",,"Y",,,,900,8,"C","G","A","CENTRAL EXPWY","WOLFE RD",704,"E","N","2011-08-31",4316,"2010-08-23",748,"14977",,"5","6","0","0",,"0",,"-","N",,0,0,,,0,,,,"N",2,"A","-",22350,,"N","A","H","-","A","D","0","Y","L","04",0,0,1,0,0,0,1,0,0,"-","-","SUNNYVALE","SANTA CLARA","CA",0,0
"4855376",-122.014133055,37.355724979,2010,"4316","0","1","4","08",0,1,"A",,"Y",,,,1200,8,"A","G","A","WOLFE RD","SUNKEN GARDENS TER",0,,"Y","2011-08-31",4316,"2010-08-23",903,"20277","43","5","6","0","0",,"0","004","-","N",,0,0,,,0,,,,"N",2,"A","-",22107,,"N","A","H","-","A","D","0","Y","A","01",0,0,1,0,0,0,1,0,0,"-","-","SUNNYVALE","SANTA CLARA","CA",0,0
"4855380",-122.032403058,37.359024979,2010,"4316","0","3","4","09",0,1,"A",,,,,,1200,8,"D","C","A","SUNNYVALE SARATOGA RD","REMINGTON DR",0,,"Y","2011-08-31",4316,"2010-08-25",1129,"14189",,"5","6","0","0",,"0","005","-","N",,0,0,,,0,,,,"Y",2,"A","-",21800,"D","N","A","H","-","A","B","0","Y","-","-",0,0,1,0,0,0,0,0,0,"-","-","SUNNYVALE","SANTA CLARA","CA",0,0
"4859121",-121.991553055,37.389984984,2010,"4316","2","2","3","08",0,1,"A",,,,,,1800,8,"F","A","A","RT 101","LAWRENCE EXP",150,"S","N","2011-11-15",9340,"2010-08-17",1625,"18679",,"2","6","0","1",,"2","120","-","Y","SCL",4,101,"-","-",43.753,"R","2","N","Y",1,"A","-",22107,,"N","A","H","-","A","D","1","Y","A","07",0,1,0,0,0,0,0,0,0,"-","-","SUNNYVALE","SANTA CLARA","CA",-121.99457,37.39138
"4859126",-122.01293306,37.395604983,2010,"4316","2","2","4","03",0,1,"A",,,,,,1800,8,"C","C","A","RT 101","FAIR OAKS AV",75,"S","N","2011-10-21",9340,"2010-08-24",1505,"18679",,"2","6","0","1",,"2","120","-","Y","SCL",4,101,"-","-",44.871,"R","2","S","Y",3,"A","-",22350,,"N","A","H","-","A","A","1","Y","A","07",0,0,1,0,0,0,0,0,0,"-","-","SUNNYVALE","SANTA CLARA","CA",-121.90625,37.36672
"4863325",-121.996277561,37.373857287,2010,"4316","4","3","4","03",0,1,"A",,,,,,1800,8,"-","C","A","LAWRENCE EXPWY","KIFER RD",25,"S","N","2011-10-07",9340,"2010-08-25",1600,"19585",,"2","6","0","2",,"2","610","-","N",,0,0,,,0,,,,"Y",2,"A","-",22350,,"N","A","H","-","A","D","0","Y","A","08",0,0,1,0,0,0,0,0,0,"FR","-","SUNNYVALE","SANTA CLARA","CA",-121.99646,37.37348
"4865682",-122.058222098,37.374697281,2010,"4316","0","7","2","11",0,1,"A","Y",,,,,2100,8,"G","B","D","RT 82","BERNARDO",620,"W","N","2011-10-03",4316,"2010-08-29",2054,"17610","31","5","6","0","0",,"0","003","-","Y","SCL",4,82,"-","-",18.26,"H","-","N","N",2,"A","-",21954,"A","N","A","H","-","C","D","0","Y","N","60",1,0,0,0,1,0,0,0,0,"-","-","SUNNYVALE","SANTA CLARA","CA",0,0
"4865686",-122.03201306,37.37850498,2010,"4316","0","1","4","03",0,1,"A",,,,,,1800,8,"C","C","A","MATHILDA PL","W EVELYN AV",0,,"Y","2011-08-19",4316,"2010-08-30",1710,"16650","34","5","6","0","0",,"0","003","-","N",,0,0,,,0,,,,"Y",2,"A","-",22350,,"N","A","H","-","A","A","0","Y","D","22",0,0,1,0,0,0,0,0,0,"-","-","SUNNYVALE","SANTA CLARA","CA",0,0
"4865714",-122.036680475,37.369005351,2010,"4316","0","7","4","03",0,1,"A",,,,,,1800,8,"C","C","A","RT 82","MATHILDA AV",61,"W","N","2011-10-18",4316,"2010-08-29",1548,"14231","52","5","6","0","0",,"0","005","-","Y","SCL",4,82,"-","-",17.03,"H","-","S","N",3,"A","-",22350,,"N","A","H","-","A","A","0","Y","A","07",0,0,1,0,0,0,0,0,0,"-","-","SUNNYVALE","SANTA CLARA","CA",0,0
"4865718",-122.024116909,37.360962252,2010,"4316","0","5","4","03",0,1,"A",,,,,,2100,8,"C","C","A","EL CAMINO REAL","FAIR OAKS",380,"E","N","2011-09-06",4316,"2010-08-27",2034,"17452",,"5","6","0","0",,"0","004","-","N",,0,0,,,0,,,,"Y",3,"A","-",22350,,"N","A","H","-","C","A","0","Y","A","01",0,0,1,0,0,0,0,0,0,"-","-","SUNNYVALE","SANTA CLARA","CA",0,0
"4865766",-122.014883581,37.378779154,2010,"4316","0","5","4","03",0,1,"B",,,,,,900,9,"C","C","A","CENTRAL EXPY","WOLFE RD",570,"W","N","2011-10-05",4316,"2010-09-03",737,"15148","27","5","6","0","0",,"0","002","-","N",,0,0,,,0,,,,"Y",3,"A","-",22350,,"N","A","H","-","A","D","0","Y","A","01",0,0,1,0,0,0,0,0,0,"WO","-","SUNNYVALE","SANTA CLARA","CA",0,0
"4865774",-122.026013058,37.36765498,2010,"4316","0","3","4","09",0,1,"A",,"Y",,,,900,9,"D","G","A","OLD SAN FRANCISCO RD","CENTRAL AV",0,,"Y","2011-10-05",4316,"2010-09-01",742,"15906","34","5","6","0","0",,"0","003","-","N",,0,0,,,0,,,,"N",2,"A","-",21801,"A","N","A","H","-","A","D","0","Y","A","01",0,0,1,0,0,0,1,0,0,"-","-","SUNNYVALE","SANTA CLARA","CA",0,0
"4865778",-122.046173062,37.378724979,2010,"4316","0","5","4","12",0,1,"A",,"Y",,,,1200,9,"D","G","A","MARY","WASHINGTON AV",0,,"Y","2011-10-04",4316,"2010-09-03",1143,"16663","32","5","6","0","0",,"0","003","-","N",,0,0,,,0,,,,"N",2,"A","-",21453,"A","N","A","H","-","A","A","0","Y","L","04",0,0,1,0,0,0,1,0,0,"-","-","SUNNYVALE","SANTA CLARA","CA",0,0
"4865786",-122.013413552,37.37063128,2010,"4316","0","5","4","08",0,1,"A",,,"Y",,,2400,9,"B","C","A","EVELYN AV","WOLFE RD",125,"E","N","2011-10-05",4316,"2010-09-03",2230,"16662","41","5","6","0","0",,"0","004","-","N",,0,0,,,0,,,,"N",2,"A","-",22107,,"F","A","H","-","C","D","0","Y","A","01",0,0,1,0,0,0,0,0,1,"-","-","SUNNYVALE","SANTA CLARA","CA",0,0
"4865802",-122.050003059,37.344715089,2010,"4316","0","5","4","03",0,5,"A",,,,,,900,9,"C","C","A","MARY AV","THE DALLES AV",40,"S","N","2011-10-04",4316,"2010-09-03",757,"14189",,"5","6","0","0",,"0","005","-","N",,0,0,,,0,,,,"Y",4,"A","-",22350,,"N","A","H","-","A","A","0","Y","D","22",0,0,5,0,0,0,0,0,0,"-","-","SUNNYVALE","SANTA CLARA","CA",0,0
"4870817",-122.034493061,37.37686498,2010,"4316","0","5","4","04",0,2,"A",,,,,,1500,9,"C","C","A","MATHILDA AV","WASHINGTON AV",0,,"Y","2011-10-06",4316,"2010-09-10",1455,"16663","33","5","6","0","0",,"0","003","-","N",,0,0,,,0,,,,"N",2,"A","-",21703,,"N","A","H","-","-","A","0","Y","A","07",0,0,2,0,0,0,0,0,0,"-","-","SUNNYVALE","SANTA CLARA","CA",0,0
"4870825",-121.995133056,37.396084985,2010,"4316","0","4","4","09",0,1,"A",,,,,,2400,9,"D","C","A","SANDIA AV","BLAZINGWOOD AV",0,,"Y","2012-01-09",4316,"2010-09-09",2251,"16661",,"5","6","0","0",,"0","002","-","N",,0,0,,,0,,,,"N",2,"A","-",21802,"A","N","A","H","-","C","A","0","Y","A","01",0,0,1,0,0,0,0,0,0,"-","-","SUNNYVALE","SANTA CLARA","CA",0,0
"4870833",-122.038983061,37.37590498,2010,"4316","0","3","4","10",0,1,"A","Y",,,,,1800,9,"G","B","B","PASTORIA AV","MCKINLEY AV",0,,"Y","2011-10-06",4316,"2010-09-08",1750,"15132","33","5","6","0","0",,"0","003","-","N",,0,0,,,0,,,,"N",2,"A","-",21950,"A","N","A","H","-","A","A","0","Y","A","01",0,0,1,0,1,0,0,0,0,"-","-","SUNNYVALE","SANTA CLARA","CA",0,0