"CASEID","POINT_X","POINT_Y","YEAR_","LOCATION","CHPTYPE","DAYWEEK","CRASHSEV","VIOLCAT","KILLED","INJURED","WEATHER1","PEDCOL","BICCOL","MCCOL","TRUCKCOL","ETOH","TIMECAT","MONTH_","CRASHTYP","INVOLVE","PED","PRIMARYRD","SECONDRD","DISTANCE","DIRECT","INTERSECT_","PROCDATE","JURIS","DATE_","TIME_","BADGE","JURIDIST","SHIFT","POP","SPECIAL","BEATTYPE","LAPDDIV","BEATCLAS","BEATNUMB","WEATHER2","STATEHW","CALTRANC","CALTRAND","STROUTE","ROUTESUF","POSTPRE","POSTMILE","LOCATYPE","RAMP","SIDEHW","TOWAWAY","PARTIES","PCF","VIOLCODE","VIOL","VIOLSUB","HITRUN","ROADSURF","RDCOND1","RDCOND2","LIGHTING","RIGHTWAY","CHPRDTYP","NOTPRIV","STFAULT","CHPFAULT","SEVINJ","OTHERINJ","COP","PEDKILL","PEDINJ","BICKILL","BICINJ","MCKILL","MCINJURE","RAMP1","RAMP2","CITY","COUNTY","STATE","X_CHP","Y_CHP"
"5044357",-122.032233056,37.346644978,2010,"4316","0","4","4","12",0,2,"B",,,,,"Y",1500,12,"D","C","A","SUNNYVALE SARATOGA RD","CONNEMARA WY",0,,"Y","2011-12-14",4316,"2010-12-02",1429,"15612","55","5","6","0","0",,"0","005","-","N",,0,0,,,0,,,,"Y",2,"A","-",21453,"A","N","A","-","-","A","A","0","Y","-","-",0,0,2,0,0,0,0,0,0,"-","-","SUNNYVALE","SANTA CLARA","CA",0,0
"5044370",-122.014213055,37.352184979,2010,"4316","0","2","3","01",0,1,"B",,,,,"Y",600,12,"A","C","A","FREMONT AV","WOLFE RD",0,,"Y","2011-12-14",4316,"2010-12-07",556,"15906","61","5","6","0","0",,"0","006","-","N",,0,0,,,0,,,,"Y",2,"A","-",23152,"A","N","A","H","-","B","A","0","Y","A","01",0,1,0,0,0,0,0,0,0,"-","-","SUNNYVALE","SANTA CLARA","CA",0,0
"5044373",-122.014273054,37.350304979,2010,"4316","0","3","4","09",0,2,"A",,,,,,900,12,"D","C","A","WOLFE RD","ELEANOR WY",0,,"Y","2011-12-14",4316,"2010-12-01",740,"15906","63","5","6","0","0",,"0","006","-","N",,0,0,,,0,,,,"Y",2,"A","-",21802,"A","N","A","H","-","A","D","0","Y","A","08",0,0,2,0,0,0,0,0,0,"-","-","SUNNYVALE","SANTA CLARA","CA",0,0
"5044374",-122.031506845,37.352065748,2010,"4316","0","1","4","08",0,1,"B",,,,,,1200,12,"D","C","A","FREMONT AV","SUNNYVALE SARATOGA RD",278,"E","N","2011-12-14",4316,"2010-12-06",904,"14761","62","5","6","0","0",,"0","006","-","N",,0,0,,,0,,,,"Y",2,"A","-",22107,,"N","B","D","H","A","D","0","Y","A","01",0,0,1,0,0,0,0,0,0,"-","-","SUNNYVALE","SANTA CLARA","CA",0,0
"5044386",-122.024273091,37.370028987,2010,"4316","0","2","4","10",0,1,"A","Y",,,,,900,12,"G","B","B","OLIVE AV","KENMORE AV",6,"W","N","2011-12-14",4316,"2010-12-07",816,"16663","34","5","6","0","0",,"0","003","-","N",,0,0,,,0,,,,,2,"A","-",21950,"A","N","A","H","-","A","D","0","Y","A","01",0,0,1,0,1,0,0,0,0,"-","-","SUNNYVALE","SANTA CLARA","CA",0,0
"5044394",-122.032398732,37.359198017,2010,"4316","0","7","4","03",0,1,"B",,,,,,1500,12,"E","I","A","SUNNYVALE SARATOGA RD","REMINGTON DR",63,"N","N","2011-12-14",4316,"2010-12-05",1350,"15618","52","5","6","0","0",,"0","005","-","N",,0,0,,,0,,,,"Y",1,"A","-",22350,,"N","B","H","-","A","A","0","Y","A","01",0,0,1,0,0,0,0,0,0,"-","-","SUNNYVALE","SANTA CLARA","CA",0,0
"5047261",-122.033963944,37.371244455,2010,"4316","0","4","3","21",0,1,"B","Y",,,"Y",,1500,12,"G","B","E","W OLIVE AV","TAAFFE ST",99,"E","N","2011-12-19",4316,"2010-12-02",1202,"15925","34","5","6","0","0",,"0","003","-","N",,0,0,,,0,,,,,2,"A","-",22106,,"N","A","B","D","A","D","0","Y","F","27",0,1,0,0,1,0,0,0,0,"-","-","SUNNYVALE","SANTA CLARA","CA",0,0
"5050053",-122.061576278,37.337494975,2010,"4316","0","5","3","08",0,1,"A",,"Y",,,,1500,10,"B","G","A","HOMESTEAD RD","BELLEVILLE WY",30,"W","N","2011-11-02",4316,"2010-10-01",1457,"45148","56","5","6","0","0",,"0","005","-","N",,0,0,,,0,,,,"N",2,"A","-",22107,,"N","A","H","-","A","D","0","Y","L","04",0,1,0,0,0,0,1,0,0,"-","-","SUNNYVALE","SANTA CLARA","CA",0,0
"5052211",-122.047503057,37.334004976,2010,"4316","1","6","4","03",0,5,"B",,,,,,900,12,"D","C","A","RT 280","RT 85",0,,"N","2012-03-29",9340,"2010-12-18",835,"17110",,"1","6","0","1",,"2","282","C","Y","SCL",4,280,"-","-",10.381,"R","2","S","Y",2,"A","-",22350,,"N","B","H","-","A","D","1","Y","A","01",0,0,5,0,0,0,0,0,0,"FR","-","SUNNYVALE","SANTA CLARA","CA",-122.05259,37.33201
"5068008",-122.015980667,37.3964605846,2011,"4316","2","4","4","03",0,1,"A",,,,,,900,1,"C","C","A","RT101","FAIR OAKS AV",300,"N","N","2012-05-07",9340,"2011-01-06",810,"19331",,"1","6","0","1",,"2","120","-","Y","SCL",4,101,"-","-",44.89,"H","-","N","Y",5,"A","-",22350,,"N","A","H","-","A","D","1","Y","A","01",0,0,1,0,0,0,0,0,0,"-","-","SUNNYVALE","SANTA CLARA","CA",-122.01558,37.3965
"5068780",-121.993239438,37.4103437498,2011,"4316","3","3","4","03",0,1,"B",,,,,,300,1,"C","C","A","RT 237","LAWRENCE EXPWY",1174,"E","N","2012-06-13",9340,"2011-01-12",208,"019621",,"3","6","0","1",,"2","230","-","Y","SCL",4,237,"-","R",4.82,"H","-","E","Y",2,"A","-",22350,,"N","B","C","-","C","D","1","Y","A","01",0,0,1,0,0,0,0,0,0,"-","-","SUNNYVALE","SANTA CLARA","CA",-121.9928,37.41036
"5074891",-122.044914657,37.4027778689,2011,"4316","2","4","2","01",0,2,"A",,,,,"Y",600,1,"E","I","A","RT 101","ELLIS ST",1500,"S","N","2012-05-04",9340,"2011-01-20",340,"019830",,"3","6","0","1",,"2","120","-","Y","SCL",4,101,"-","-",46.73,"H","-","N","Y",1,"A","-",23152,"A","N","A","H","-","D","D","1","Y","A","07",2,0,0,0,0,0,0,0,0,"-","-","SUNNYVALE","SANTA CLARA","CA",-122.04606,37.40295
"5084916",-121.995912979,37.3446208684,2011,"4316","4","6","4","07",0,1,"A",,,,,,2100,1,"C","C","A","LAWRENCE EXPWY","BENTON ST",300,"S","N","2012-06-04",9340,"2011-01-08",1855,"019940",,"2","6","0","2",,"2","610","-","N",,0,0,,,0,,,,"N",2,"A","-",21658,"A","N","A","H","-","C","D","0","Y","A","01",0,0,1,0,0,0,0,0,0,"-","-","SUNNYVALE","SANTA CLARA","CA",-121.99589,37.34455
"5087281",-121.996009581,37.3862455747,2011,"4316","4","4","4","03",0,1,"A",,,,,,1800,1,"C","C","A","LAWRENCE EXPY","ARQUES AV",2112,"N","N","2012-05-22",9340,"2011-01-27",1750,"019585",,"2","6","0","2",,"2","610","-","N",,0,0,,,0,,,,"Y",4,"A","-",22350,,"N","A","H","-","D","D","0","Y","A","01",0,0,1,0,0,0,0,0,0,"-","-","SUNNYVALE","SANTA CLARA","CA",-121.99605,37.38388
"5087305",-122.031243063,37.3996049825,2011,"4316","2","7","4","03",0,1,"C",,,,,,1200,1,"F","A","A","RT 101","MATHILDA AV",399,"N","N","2012-06-01",9340,"2011-01-30",1150,"020138",,"1","6","0","1",,"2","120","-","Y","SCL",4,101,"-","-",45.821,"R","2","S","Y",1,"A","-",22350,,"N","B","H","-","A","D","1","Y","A","01",0,0,1,0,0,0,0,0,0,"-","-","SUNNYVALE","SANTA CLARA","CA",-121.02945,37.39855
"5087317",-122.034513064,37.4005149824,2011,"4316","3","4","4","04",0,2,"A",,,,,,900,1,"C","C","A","RT 237","RT 101",15,"N","N","2012-07-05",9340,"2011-01-27",830,"017350",,"1","6","0","1",,"2","220","-","Y","SCL",4,101,"-","-",46.154,"R","1","N","Y",2,"A","-",21703,,"N","A","H","-","A","D","1","Y","A","08",0,0,2,0,0,0,0,0,0,"FR","-","SUNNYVALE","SANTA CLARA","CA",-122.0343,37.40067
"5095405",-122.04722,37.37562,2011,"4316","0","5","3","12",0,2,"A",,,,,,1800,1,"D","C","A","MARY AV","IOWA AV",0,,"Y","2012-03-17",4316,"2011-01-07",1550,"14457","32","5","6","0","0",,"0","003","-","N",,0,0,,,0,,,,"Y",2,"A","-",21453,"A","N","A","H","-","A","A","0","Y","A","07",0,1,1,0,0,0,0,0,0,"-","-","SUNNYVALE","SANTA CLARA","CA",0,0
"5095429",-122.018261556,37.3948094952,2011,"4316","0","2","4","10",0,1,"A","Y",,,,,900,1,"G","B","D","MORSE AV","GLENDALE AV",100,"S","N","2012-03-22",4316,"2011-01-25",750,"15926","14","5","6","0","0",,"0","001","-","N",,0,0,,,0,,,,,2,"A","-",21952,,"N","A","H","-","A","D","0","Y","D","23",0,0,1,0,1,0,0,0,0,"-","-","SUNNYVALE","SANTA CLARA","CA",0,0
"5095431",-122.052803062,37.3729749784,2011,"4316","0","6","3","03",0,2,"A",,,,"Y","Y",1200,1,"C","C","A","EL CAMINO REAL","GRAPE AV",60,"E","N","2012-05-03",4316,"2011-01-08",1015,"15926",,"5","6","0","0",,"0",,"-","Y","SCL",4,82,"-","-",17.94,"H","-","N","Y",3,"A","-",22350,,"N","A","H","-","A","A","0","Y","F","26",0,1,1,0,0,0,0,0,0,"-","-","SUNNYVALE","SANTA CLARA","CA",0,0
"5095489",-122.060053062,37.3506049766,2011,"4316","3","5","4","03",0,1,"C",,,,,,1200,2,"C","C","A","RT 85","FREMONT AV",250,"S","N","2012-05-02",9340,"2011-02-25",905,"17350",,"1","6","0","1",,"2","085","-","Y","SCL",4,85,"-","R",19.81,"H","-","N","Y",2,"A","-",22350,,"N","B","H","-","A","D","6","Y","A","07",0,0,1,0,0,0,0,0,0,"-","-","SUNNYVALE","SANTA CLARA","CA",-122.05978,37.34888
"5095505",-122.038403445,37.4011750626,2011,"4316","2","5","3","03",0,1,"B",,,,,,300,3,"C","C","A","RT 101","RT 237",800,"N","N","2012-06-01",9340,"2011-03-18",100,"19136",,"3","6","0","1",,"2","120","-","Y","SCL",4,101,"-","-",46.28,"H","-","S","Y",2,"A","-",22350,,"F","A","H","-","D","D","1","Y","-","99",0,1,0,0,0,0,0,0,0,"-","-","SUNNYVALE","SANTA CLARA","CA",-122.0392,37.40108
"5097905",-121.99530319,37.4100524325,2011,"4316","3","3","4","03",0,2,"A",,,,,,2100,1,"C","C","A","RT 237","LAWRENCE EXPY",900,"E","N","2012-09-19",9340,"2011-01-19",1805,"018880",,"2","6","0","1",,"2","230","-","Y","SCL",4,237,"-","R",4.731,"R","1","W","Y",3,"A","-",22350,,"N","A","H","-","D","D","1","Y","A","01",0,0,2,0,0,0,0,0,0,"TO","-","SUNNYVALE","SANTA CLARA","CA",-121.9957,37.41011
"5097907",-121.987085161,37.388704256,2011,"4316","2","4","3","07",0,1,"A",,,"Y",,,900,1,"B","C","A","RT 101","LAWRENCE EXPWY",2640,"S","N","2012-05-04",9340,"2011-01-06",830,"018679",,"1","6","0","1",,"2","120","-","Y","SCL",4,101,"-","-",43.36,"H","-","N","N",2,"A","-",21658,"A","N","A","H","-","A","D","1","Y","A","01",0,1,0,0,0,0,0,0,1,"-","-","SUNNYVALE","SANTA CLARA","CA",-121.98752,37.38889
"5099845",-121.996603848,37.4096094073,2011,"4316","3","4","4","03",0,2,"A",,,,,,2100,1,"C","C","A","RT 237","LAWRENCE EXPWY",400,"E","N","2012-06-13",9340,"2011-01-27",1845,"018880",,"2","6","0","1",,"2","230","-","Y","SCL",4,237,"-","R",4.68,"H","-","E","Y",4,"A","-",22350,,"N","A","H","-","D","D","1","Y","A","01",0,0,2,0,0,0,0,0,0,"-","-","SUNNYVALE","SANTA CLARA","CA",-121.99709,37.40945
"5106812",-121.979473595,37.4147868644,2011,"4316","3","2","4","07",0,1,"A",,,,,,1500,2,"E","I","A","RT 237","LAWRENCE EXPWY",2700,"E","N","2012-09-19",9340,"2011-02-22",1210,"15825",,"1","6","0","1",,"2","230","-","Y","SCL",4,237,"-","M",5.11,"H","-","E","Y",2,"A","-",21658,"A","F","A","H","-","A","D","1","Y","A","01",0,0,1,0,0,0,0,0,0,"-","-","SUNNYVALE","SANTA CLARA","CA",-121.98928,37.41112
"5110683",-121.99582372,37.3378499202,2011,"4316","4","5","4","03",0,1,"A",,,,,,1800,2,"C","C","A","LAWRENCE EXPY","HOMESTEAD AV",20,"N","N","2012-03-30",9340,"2011-02-04",1700,"019585",,"2","6","0","2",,"2","610","-","N",,0,0,,,0,,,,"N",2,"A","-",22350,,"N","A","H","-","A","D","0","Y","A","07",0,0,1,0,0,0,0,0,0,"-","-","SUNNYVALE","SANTA CLARA","CA",-121.99571,37.33822
"5111176",-122.001896772,37.4084743339,2011,"4316","3","3","4","03",0,1,"A",,,,,,2100,1,"C","C","A","RT 237","LAWRENCE EXPY",750,"W","N","2012-11-21",9340,"2011-01-19",1835,"19621",,"2","6","0","1",,"2","220","-","Y","SCL",4,237,"-","R",4.46,"H","-","E","Y",2,"A","-",22350,,"N","A","H","-","D","D","1","Y","A","01",0,0,1,0,0,0,0,0,0,"-","-","SUNNYVALE","SANTA CLARA","CA",-122.00526,37.40765
"5111349",-121.998264193,37.3223360257,2011,"4316","1","3","4","03",0,1,"B",,,,,,900,3,"C","C","A","RT 280","STEVENS CREEK RD",200,"S","N","2012-07-26",9340,"2011-03-16",740,"20197",,"1","6","0","1",,"2","282","-","Y","SCL",4,280,"-","-",7.35,"H","-","N","Y",3,"A","-",22350,,"N","B","H","-","A","D","1","Y","D","22",0,0,1,0,0,0,0,0,0,"-","-","SUNNYVALE","SANTA CLARA","CA",-122.05364,37.33288
"5114260",-122.05976306,37.3392891578,2011,"4316","3","5","3","01",0,1,"A",,,"Y",,,1800,3,"E","I","A","RT85","HOMESTEAD RD",40,"S","N","2012-05-29",9340,"2011-03-11",1740,"15825",,"2","6","0","1",,"2","085","-","Y","SCL",4,85,"-","R",18.85,"H","-","N","N",1,"A","-",23152,"A","N","A","H","-","A","D","6","Y","C","02",0,1,0,0,0,0,0,0,1,"-","-","SUNNYVALE","SANTA CLARA","CA",-121.05038,37.32389
"5114327",-121.996248252,37.3739786412,2011,"4316","4","5","4","03",0,1,"B",,,,,,1500,2,"C","C","A","LAWRENCE EXPY","KIFER RD",20,"N","N","2012-04-10",9340,"2011-02-18",1425,"019378",,"2","6","0","2",,"2","610","-","N",,0,0,,,0,,,,"N",2,"A","-",22350,,"N","B","H","-","A","A","0","Y","A","01",0,0,1,0,0,0,0,0,0,"-","-","SUNNYVALE","SANTA CLARA","CA",-121.53278,37.86498
"5114399",-122.060925609,37.3531007088,2011,"4316","3","6","4","07",0,1,"A",,,,,,1500,2,"B","C","A","RT85","FREMONT AV",150,"N","N","2012-05-29",9340,"2011-02-12",1318,"20063",,"1","6","0","1",,"2","085","-","Y","SCL",4,85,"-","R",19.92,"H","-","N","Y",2,"A","-",21658,"A","N","A","H","-","A","D","6","Y","A","01",0,0,1,0,0,0,0,0,0,"-","-","SUNNYVALE","SANTA CLARA","CA",-121.06157,37.35463
"5119603",-122.01386,37.36663,2011,"4316","0","3","4","00",0,1,"A",,,,,,900,1,"A","C","A","WOLFE RD","OLD SAN FRANCISCO RD",0,,"Y","2012-03-16",4316,"2011-01-12",834,"20284",,"5","6","0","0",,"0",,"-","N",,0,0,,,0,,,,"Y",2,"D","-",0,,"N","A","H","-","A","A","0","Y","-","-",0,0,1,0,0,0,0,0,0,"-","-","SUNNYVALE","SANTA CLARA","CA",0,0
"5119617",-122.03673,37.3917,2011,"4316","0","1","3","09",0,2,"A",,,,,,900,1,"D","C","A","MAUDE AV","POTRERO AV",0,,"Y","2012-03-16",4316,"2011-01-31",745,"18051","13","5","6","0","0",,"0","001","-","N",,0,0,,,0,,,,"Y",2,"A","-",21802,,"N","A","H","-","A","A","0","Y","A","01",0,1,1,0,0,0,0,0,0,"-","-","SUNNYVALE","SANTA CLARA","CA",0,0
"5119618",-122.025328272,37.360860379,2011,"4316","0","2","4","09",0,1,"A",,,,,,1800,1,"D","C","A","REMINGTON AV","MICHELANGELO DR",260,"N","N","2012-03-16",4316,"2011-01-18",1733,"10546","42","5","6","0","0",,"0","004","-","N",,0,0,,,0,,,,"Y",2,"A","-",21804,"A","N","A","H","-","C","D","0","Y","A","01",0,0,1,0,0,0,0,0,0,"-","-","SUNNYVALE","SANTA CLARA","CA",0,0
"5119639",-122.01305,37.37819,2011,"4316","0","5","4","03",0,1,"A",,,,,,1200,1,"C","C","A","CENTRAL EXPWY","WOLFE RD",0,,"Y","2012-03-16",4316,"2011-01-07",952,"16662","15","5","6","0","0",,"0","001","-","N",,0,0,,,0,,,,"Y",3,"A","-",22350,,"N","A","H","-","A","D","0","Y","A","01",0,0,1,0,0,0,0,0,0,"-","-","SUNNYVALE","SANTA CLARA","CA",0,0
"5119653",-122.04794,37.37352,2011,"4316","0","4","4","03",0,3,"A",,,,,,1500,1,"C","C","A","MARY AV","VALENCIA AV",0,,"Y","2012-03-30",4316,"2011-01-27",1304,"10663","33","5","6","0","0",,"0","003","-","N",,0,0,,,0,,,,"Y",3,"A","-",22350,,"N","A","H","-","A","D","0","Y","-","-",0,0,3,0,0,0,0,0,0,"-","-","SUNNYVALE","SANTA CLARA","CA",0,0
"5119662",-122.041439262,37.338762137,2011,"4316","0","3","4","09",0,2,"A",,,,,,1800,1,"D","C","A","HOLLENBECK AV","HOMESTEAD RD",454,"N","N","2012-03-16",4316,"2011-01-12",1705,"16650","54","5","6","0","0",,"0","005","-","N",,0,0,,,0,,,,,2,"A","-",21804,"A","N","A","H","-","A","D","0","Y","A","01",0,0,2,0,0,0,0,0,0,"-","-","SUNNYVALE","SANTA CLARA","CA",0,0
"5119669",-122.02425405,37.3899097119,2011,"4316","0","5","2","09",0,1,"A",,,,,,1800,1,"D","B","A","WAITE AV","DUANE AV",300,"S","N","2012-03-16",4316,"2011-01-21",1720,"14398","14","5","6","0","0",,"0","001","-","N",,0,0,,,0,,,,,2,"A","-",21804,"A","N","A","H","-","B","D","0","Y","M","95",1,0,0,0,0,0,0,0,0,"-","-","SUNNYVALE","SANTA CLARA","CA",0,0
"5119673",-122.05001,37.33749,2011,"4316","0","5","4","-",0,1,"A","Y",,,,,1800,1,"G","B","D","S MARY AV","HOMESTEAD",0,,"Y","2012-03-16",4316,"2011-01-21",1526,"18041",,"5","6","0","0",,"0",,"-","N",,0,0,,,0,,,,,2,"A","-",0,,"N","A","H","-","A","A","0","Y","N","60",0,0,1,0,1,0,0,0,0,"-","-","SUNNYVALE","SANTA CLARA","CA",0,0
"5119691",-122.054281112,37.359494978,2011,"4316","0","7","4","03",0,2,"A",,,,,,1800,1,"C","C","A","REMINGTON DR","MANGO AV",18,"E","N","2012-05-17",4316,"2011-01-23",1538,"14761","51","5","6","0","0",,"0","005","-","N",,0,0,,,0,,,,,2,"A","-",22350,,"N","A","H","-","A","A","0","Y","A","01",0,0,2,0,0,0,0,0,0,"-","-","SUNNYVALE","SANTA CLARA","CA",0,0
"5119703",-121.99972,37.36541,2011,"4316","0","5","4","09",0,1,"A",,"Y",,,,2400,1,"D","G","A","TIMBERPINE AV","CLEMATIS DR",0,,"Y","2012-05-17",4316,"2011-01-21",2149,"15837","44","5","6","0","0",,"0","004","-","N",,0,0,,,0,,,,,2,"A","-",21802,"A","N","A","H","-","C","D","0","Y","A","01",0,0,1,0,0,0,1,0,0,"-","-","SUNNYVALE","SANTA CLARA","CA",0,0
"5119754",-122.026229873,37.3764170463,2011,"4316","0","7","2","03",0,1,"A","Y",,,,,2100,1,"G","B","E","E EVELYN AV","S BAYVIEW AV",75,"W","N","2012-03-30",4316,"2011-01-23",1948,"20287","34","5","6","0","0",,"0","003","-","N",,0,0,,,0,,,,,2,"A","-",22350,,"F","A","H","-","C","D","0","Y","A","08",1,0,0,0,1,0,0,0,0,"-","-","SUNNYVALE","SANTA CLARA","CA",0,0
"5119813",-122.036770769,37.3690231299,2011,"4316","0","7","2","10",0,1,"A","Y",,,,,900,1,"G","B","B","MATHILDA AV","RT 82",0,,"Y","2012-05-07",4316,"2011-01-23",821,"14189",,"5","6","0","0",,"0","005","-","Y","SCL",4,82,"-","-",17.035,"I","6","S",,2,"A","-",21950,"A","N","A","H","-","A","A","0","Y","-","-",1,0,0,0,1,0,0,0,0,"-","-","SUNNYVALE","SANTA CLARA","CA",0,0
"5119821",-122.017804118,37.3557415643,2011,"4316","0","5","4","10",0,1,"A","Y",,,,,1500,1,"G","B","B","EL CAMINO REAL","MARIA LN",0,,"Y","2012-05-03",4316,"2011-01-14",1413,"14457","42","5","6","0","0",,"0","004","-","Y","SCL",4,82,"-","-",15.602,"I","5","S",,2,"A","-",21950,"A","N","A","H","-","A","A","0","Y","A","01",0,0,1,0,1,0,0,0,0,"-","-","SUNNYVALE","SANTA CLARA","CA",0,0
"5119825",-122.033633059,37.3683049794,2011,"4316","0","2","4","08",0,1,"B",,"Y",,,,2100,1,"D","G","A","RT 82","MURPHY AV",195,"W","N","2012-05-07",4316,"2011-01-11",1930,"16650","52","5","6","0","0",,"0","005","-","Y","SCL",4,82,"-","-",16.86,"H","-","S",,2,"A","-",22107,,"N","B","H","-","C","D","0","Y","A","01",0,0,1,0,0,0,1,0,0,"-","-","SUNNYVALE","SANTA CLARA","CA",0,0
"5119826",-122.01268306,37.3955449832,2011,"4316","0","5","4","09",0,1,"A",,"Y",,,,1200,1,"D","G","A","RT 101","FAIR OAKS",22,"E","N","2012-06-01",4316,"2011-01-21",949,"15148","24","5","6","0","0",,"0","002","-","Y","SCL",4,101,"-","-",44.791,"R","1","S",,2,"A","-",21804,"A","N","A","H","-","A","D","0","Y","A","07",0,0,1,0,0,0,1,0,0,"SF","-","SUNNYVALE","SANTA CLARA","CA",0,0
"5120122",-122.059807702,37.3480017246,2011,"4316","3","3","4","03",0,1,"A",,,,,,1800,2,"C","C","A","RT 85","FREMONT AV",1056,"S","N","2012-05-29",9340,"2011-02-09",1755,"19382",,"2","6","0","1",,"2","085","-","Y","SCL",4,85,"-","R",19.66,"H","-","N","Y",2,"A","-",22350,,"N","A","H","-","A","D","6","Y","A","01",0,0,1,0,0,0,0,0,0,"-","-","SUNNYVALE","SANTA CLARA","CA",-122.0598,37.34967
"5120157",-122.015913059,37.3964449829,2011,"4316","2","3","4","03",0,1,"A",,,,,,1200,2,"C","C","A","RT 101","FAIR OAKS AV",100,"S","N","2012-06-01",9340,"2011-02-23",940,"20208",,"1","6","0","1",,"2","120","-","Y","SCL",4,101,"-","-",44.884,"R","2","N","Y",2,"A","-",22350,,"N","A","H","-","A","D","1","Y","A","07",0,0,1,0,0,0,0,0,0,"-","-","SUNNYVALE","SANTA CLARA","CA",-122.01252,37.39765
"5120416",-122.049924103,37.3232448691,2011,"4316","3","2","3","03",0,2,"B",,,,,,900,3,"C","C","A","RT 85","STEVENS CREEK BL",500,"N","N","2012-05-29",9340,"2011-03-15",854,"018680",,"1","6","0","1",,"2","085","-","Y","SCL",4,85,"-","R",17.79,"H","-","N","Y",3,"A","-",22350,,"N","A","H","-","A","D","6","Y","D","22",0,1,1,0,0,0,0,0,0,"-","-","SUNNYVALE","SANTA CLARA","CA",-122.05031,37.32504
"5121350",-122.060027047,37.3460398699,2011,"4316","3","1","2","03",0,1,"A",,,"Y","Y",,1200,4,"C","C","A","RT 85","FREMONT AV",2000,"S","N","2012-11-07",9340,"2011-04-11",1100,"17931",,"1","6","0","1",,"2","085","-","Y","SCL",4,85,"-","R",19.48,"H","-","S","Y",2,"A","-",22350,,"N","A","H","-","A","D","6","Y","C","02",1,0,0,0,0,0,0,0,1,"-","-","SUNNYVALE","SANTA CLARA","CA",-122.06029,37.34733
"5123221",-121.991553055,37.389984984,2011,"4316","2","7","4","03",0,1,"A",,,,,,900,2,"F","A","A","RT 101","LAWRENCE EXP",300,"S","N","2012-07-12",9340,"2011-02-20",635,"20057",,"1","6","0","1",,"2","120","-","Y","SCL",4,101,"-","-",43.753,"R","2","N","Y",1,"A","-",22350,,"N","B","H","-","A","D","1","Y","A","01",0,0,1,0,0,0,0,0,0,"-","-","SUNNYVALE","SANTA CLARA","CA",-121.99461,37.39142
"5125716",-121.995277,37.4100582958,2011,"4316","0","4","4","08",0,2,"C",,,,,,1800,2,"B","C","A","CARIBBEAN","MOFFETT PARK",210,"S","N","2012-07-05",4316,"2011-02-24",1734,"15148","20","5","6","0","0",,"0","002","-","Y","SCL",4,237,"-","R",4.732,"R","4","W","Y",2,"A","-",22107,,"N","B","H","-","B","D","0","Y","A","01",0,0,2,0,0,0,0,0,0,"-","-","SUNNYVALE","SANTA CLARA","CA",0,0
"5125720",-122.055737788,37.3737900059,2011,"4316","0","3","4","03",0,2,"B",,,,,,900,2,"B","C","A","RT 82","BERNARDO AV",133,"W","N","2012-05-03",4316,"2011-02-16",740,"20280","32","5","6","0","0",,"0","003","C","Y","SCL",4,82,"-","-",18.11,"H","-","N","Y",2,"A","-",22350,,"N","B","G","-","A","A","0","Y","D","22",0,0,2,0,0,0,0,0,0,"-","-","SUNNYVALE","SANTA CLARA","CA",0,0
"5125732",-122.039348208,37.3860170522,2011,"4316","0","1","4","03",0,1,"A",,,,,,2100,2,"C","C","A","CENTRAL EXPWY","POTRERO AV",200,"W","N","2012-04-05",4316,"2011-02-14",1810,"20282","13","5","6","0","0",,"0","001","-","N",,0,0,,,0,,,,"Y",4,"A","-",22350,,"N","A","H","-","C","D","0","Y","D","22",0,0,1,0,0,0,0,0,0,"-","-","SUNNYVALE","SANTA CLARA","CA",0,0
"5130475",-122.061331259,37.3328719225,2011,"4316","1","3","4","03",0,5,"A",,,,,,900,2,"C","C","A","RT 280","RT 85",1500,"N","N","2012-05-31",9340,"2011-02-23",840,"015465",,"1","6","0","1",,"2","282","-","Y","SCL",4,280,"-","-",11.02,"H","-","N","Y",3,"A","-",22350,,"N","A","H","-","A","D","1","Y","A","01",0,0,5,0,0,0,0,0,0,"-","-","SUNNYVALE","SANTA CLARA","CA",-122.06158,37.33302
"5131300",-121.995277,37.4100582958,2011,"4316","3","2","4","03",0,1,"A",,,,,,1800,3,"C","C","A","RT 237","E CARIBBEAN DR",8,"W","N","2012-06-13",9340,"2011-03-29",1601,"17350",,"2","6","0","1",,"2","230","-","Y","SCL",4,237,"-","R",4.732,"R","2","W","Y",2,"A","-",22350,,"N","A","H","-","A","D","1","Y","D","22",0,0,1,0,0,0,0,0,0,"TO","-","SUNNYVALE","SANTA CLARA","CA",-121.99923,37.40972
"5133143",-121.993143058,37.4103649857,2011,"4316","3","3","2","01",0,1,"B",,,,,"Y",300,1,"E","I","A","RT 237","LAWRENCE EXPWY",923,"E","N","2012-07-05",9340,"2011-01-12",203,"019621",,"3","6","0","1",,"2","230","-","Y","SCL",4,237,"-","R",4.824,"R","2","E","Y",1,"A","-",23152,"A","N","B","H","-","C","D","1","Y","A","01",1,0,0,0,0,0,0,0,0,"FR","-","SUNNYVALE","SANTA CLARA","CA",0,0
"5133328",-122.05980408,37.3474658892,2011,"4316","3","5","4","03",0,1,"A",,,,,,900,2,"C","C","A","RT85","FREMONT AV",1320,"S","N","2012-05-02",9340,"2011-02-11",755,"020197",,"1","6","0","1",,"2","085","-","Y","SCL",4,85,"-","R",19.61,"H","-","N","Y",5,"A","-",22350,,"N","A","H","-","A","D","6","Y","A","01",0,0,1,0,0,0,0,0,0,"-","-","SUNNYVALE","SANTA CLARA","CA",-122.05967,37.34387