"CASEID","POINT_X","POINT_Y","YEAR_","LOCATION","CHPTYPE","DAYWEEK","CRASHSEV","VIOLCAT","KILLED","INJURED","WEATHER1","PEDCOL","BICCOL","MCCOL","TRUCKCOL","ETOH","TIMECAT","MONTH_","CRASHTYP","INVOLVE","PED","PRIMARYRD","SECONDRD","DISTANCE","DIRECT","INTERSECT_","PROCDATE","JURIS","DATE_","TIME_","BADGE","JURIDIST","SHIFT","POP","SPECIAL","BEATTYPE","LAPDDIV","BEATCLAS","BEATNUMB","WEATHER2","STATEHW","CALTRANC","CALTRAND","STROUTE","ROUTESUF","POSTPRE","POSTMILE","LOCATYPE","RAMP","SIDEHW","TOWAWAY","PARTIES","PCF","VIOLCODE","VIOL","VIOLSUB","HITRUN","ROADSURF","RDCOND1","RDCOND2","LIGHTING","RIGHTWAY","CHPRDTYP","NOTPRIV","STFAULT","CHPFAULT","SEVINJ","OTHERINJ","COP","PEDKILL","PEDINJ","BICKILL","BICINJ","MCKILL","MCINJURE","RAMP1","RAMP2","CITY","COUNTY","STATE","X_CHP","Y_CHP"
"6091895",-121.9966023,37.3717453,2013,"4316","4","6","4","03",0,1,"A",,,,,,2100,6,"C","C","A","LAWRENCE EXPWY","KIFER RD",800,"S","N","2015-01-02",9340,"2013-06-01",1850,"20317",,"2","6","0","2",,"2","610","-","N",,0,0,,,0,,,,"Y",2,"A","-",22350,,"N","A","H","-","A","D","0","Y","A","01",0,0,1,0,0,0,0,0,0,"-","-","SUNNYVALE","SANTA CLARA","CA",-121.99495,37.37458
"6091775",-121.9741931,37.417285,2013,"4316","3","4","4","03",0,1,"A",,,,,,900,5,"C","C","A","RT 237","LAWRENCE EXPWY",2000,"E","N","2014-04-26",9340,"2013-05-30",805,"20424",,"1","6","0","1",,"2","230","-","Y","SCL",4,237,"-","M",4.98,"H","-","W","Y",2,"A","-",22350,,"N","A","H","-","A","D","1","Y","A","01",0,0,1,0,0,0,0,0,0,"-","-","SUNNYVALE","SANTA CLARA","CA",-121.95797,37.41179
"6087337",-121.9915931,37.389805,2013,"4316","4","6","4","03",0,1,"A",,,,,,1500,5,"C","C","A","LAWRENCE EXPWY","RT 101",200,"S","N","2014-02-22",9340,"2013-05-18",1340,"20491",,"1","6","0","2",,"2","610","-","Y","SCL",4,101,"-","-",43.762,"R","4","S","Y",2,"A","-",22350,,"N","A","H","-","A","A","1","Y","A","01",0,0,1,0,0,0,0,0,0,"-","-","SUNNYVALE","SANTA CLARA","CA",-121.99582,37.38958
"6085109",-121.9960031,37.3807148,2013,"4316","4","2","4","03",0,1,"A",,,,,,2100,5,"C","C","A","LAWRENCE EXPWY","ARQUES AV",40,"N","N","2014-02-22",9340,"2013-05-28",1815,"20494",,"2","6","0","2",,"2","610","-","N",,0,0,,,0,,,,"Y",3,"A","-",22350,,"N","A","H","-","A","A","0","Y","A","07",0,0,1,0,0,0,0,0,0,"-","-","SUNNYVALE","SANTA CLARA","CA",-121.99618,37.37974
"6084962",-121.9958236,37.3378361,2013,"4316","4","4","4","03",0,1,"A",,,,,,2400,5,"C","C","A","LAWRENCE EXPWY","HOMESTEAD RD",15,"N","N","2014-02-22",9340,"2013-05-23",2100,"19020",,"2","6","0","2",,"2","610","-","N",,0,0,,,0,,,,"N",2,"A","-",22350,,"F","A","H","-","C","A","0","Y","-","99",0,0,1,0,0,0,0,0,0,"-","-","SUNNYVALE","SANTA CLARA","CA",-121.99564,37.3378
"6079951",-122.0479926,37.4032563,2013,"4316","2","7","3","03",0,4,"A",,,,,,600,5,"C","C","A","RT 101","ELLIS ST",500,"S","N","2014-02-21",9340,"2013-05-12",305,"20297",,"3","6","0","1",,"2","120","-","Y","SCL",4,101,"-","-",46.92,"H","-","S","Y",2,"A","-",22350,,"N","A","H","-","C","D","1","Y","A","01",0,1,3,0,0,0,0,0,0,"-","-","SUNNYVALE","SANTA CLARA","CA",-122.322,37.2419
"6078565",-122.0066441,37.3943328,2013,"4316","2","3","3","03",0,1,"A",,,"Y",,,900,5,"F","C","A","RT101","FAIR OAKS AV",1700,"N","N","2014-02-21",9340,"2013-05-15",805,"20424",,"1","6","0","1",,"2","120","-","Y","SCL",4,101,"-","-",44.51,"H","-","N","Y",2,"A","-",22350,,"N","A","H","-","A","D","1","Y","C","02",0,1,0,0,0,0,0,0,1,"-","-","SUNNYVALE","SANTA CLARA","CA",-122.00625,37.39437
"6078561",-122.0273319,37.4031049,2013,"4316","3","5","4","03",0,1,"A",,,,,,900,5,"C","C","A","RT 237","MATHILDA AV",50,"W","N","2014-02-21",9340,"2013-05-17",700,"20424",,"1","6","0","1",,"2","220","-","Y","SCL",4,237,"-","-",2.98,"H","-","W","Y",2,"A","-",22350,,"F","A","H","-","A","D","1","Y","-","99",0,0,1,0,0,0,0,0,0,"-","-","SUNNYVALE","SANTA CLARA","CA",0,0
"6077491",-122.0598059,37.3469301,2013,"4316","3","4","3","03",0,1,"B",,,,,,900,5,"C","C","A","RT 85","FREMONT AV",1584,"S","N","2014-04-05",9340,"2013-05-09",847,"12004",,"1","6","0","1",,"2","085","-","Y","SCL",4,85,"-","R",19.56,"H","-","N","N",3,"A","-",22350,,"N","A","H","-","A","D","6","Y","A","01",0,1,0,0,0,0,0,0,0,"-","-","SUNNYVALE","SANTA CLARA","CA",0,0
"6075647",-121.9915531,37.389985,2013,"4316","2","3","3","03",0,2,"A",,,,,,2100,5,"E","I","A","RT101","LAWRENCE EXPWY",280,"S","N","2014-02-22",9340,"2013-05-15",1910,"20494",,"2","6","0","1",,"2","120","-","Y","SCL",4,101,"-","-",43.753,"R","2","N","Y",1,"A","-",22350,,"N","A","H","-","A","A","1","Y","A","01",0,2,0,0,0,0,0,0,0,"-","-","SUNNYVALE","SANTA CLARA","CA",-121.99471,37.29166
"6075252",-122.0430916,37.4023762,2013,"4316","2","3","3","07",0,1,"A",,,"Y","Y",,900,5,"B","C","A","RT 101","ELLIS AV",2500,"S","N","2014-02-26",9340,"2013-05-15",735,"20424",,"1","6","0","1",,"2","120","-","Y","SCL",4,101,"-","-",46.54,"H","-","N","Y",3,"A","-",21658,"A","N","A","H","-","A","D","1","Y","A","01",0,1,0,0,0,0,0,0,1,"-","-","SUNNYVALE","SANTA CLARA","CA",-122.044,37.40279
"6050583",-121.9912531,37.3897079,2013,"4316","2","4","3","03",0,1,"A",,,"Y",,,2100,4,"E","J","A","RT 101","LAWRENCE EXPWY",700,"S","N","2014-02-20",9340,"2013-04-18",1829,"018880",,"2","6","0","1",,"2","120","-","Y","SCL",4,101,"-","-",43.73,"H","-","S","Y",3,"A","-",22350,,"N","A","H","-","A","D","1","Y","C","02",0,1,0,0,0,0,0,0,1,"-","-","SUNNYVALE","SANTA CLARA","CA",-121.99359,37.39036
"6049527",-121.9961509,37.3744661,2013,"4316","4","1","4","03",0,2,"A",,,,,,1200,4,"C","C","A","LAWRENCE EXP","KIFER RD",200,"N","N","2014-02-14",9340,"2013-04-22",1000,"20554",,"1","6","0","2",,"2","610","-","N",,0,0,,,0,,,,"N",2,"A","-",22350,,"N","A","H","-","A","D","0","Y","A","01",0,0,2,0,0,0,0,0,0,"-","-","SUNNYVALE","SANTA CLARA","CA",-121.99571,37.37685
"6047061",-121.9960627,37.3760087,2013,"4316","4","1","4","03",0,1,"A",,,,,,1500,4,"C","C","A","LAWRENCE EXPY","RYDER CT",5,"N","N","2014-02-15",9340,"2013-04-22",1245,"20554",,"1","6","0","2",,"2","610","-","N",,0,0,,,0,,,,"N",2,"A","-",22350,,"N","A","H","-","A","D","0","Y","A","07",0,0,1,0,0,0,0,0,0,"-","-","SUNNYVALE","SANTA CLARA","CA",-121.99576,37.37681
"6046608",-121.996023,37.3868249,2013,"4316","4","5","4","12",0,1,"A",,,,,,1200,4,"D","C","A","LAWRENCE EXPWY","DUANE AV",0,,"Y","2015-01-07",9340,"2013-04-19",1000,"19377",,"1","6","0","2",,"2","610","-","N",,0,0,,,0,,,,"Y",2,"A","-",21453,"A","N","A","H","-","A","A","0","Y","A","07",0,0,1,0,0,0,0,0,0,"-","-","SUNNYVALE","SANTA CLARA","CA",-121.996,37.38692
"6046561",-122.0245974,37.4035909,2013,"4316","3","1","4","03",0,3,"A",,,,,,900,4,"C","C","A","RT 237","MATHILDA AV",350,"E","N","2014-02-18",9340,"2013-04-29",720,"20208",,"1","6","0","1",,"2","220","-","Y","SCL",4,237,"-","-",3.09,"H","-","W","Y",5,"A","-",22350,,"N","A","H","-","A","D","1","Y","A","08",0,0,3,0,0,0,0,0,0,"-","-","SUNNYVALE","SANTA CLARA","CA",-122.0244,37.40367
"6036489",-122.0112509,37.40638,2013,"4316","3","4","4","03",0,1,"A",,,,,,1800,4,"C","C","A","RT 237","FAIR OAKS AV",30,"W","N","2014-08-09",9340,"2013-04-11",1610,"19377",,"2","6","0","1",,"2","230","-","Y","SCL",4,237,"-","R",3.96,"H","-","E","Y",3,"A","-",22350,,"N","A","H","-","A","D","1","Y","A","01",0,0,1,0,0,0,0,0,0,"-","-","SUNNYVALE","SANTA CLARA","CA",-122.88992,37.40656
"6033929",-122.0541605,37.3309624,2013,"4316","1","4","4","08",0,2,"A",,,,,,1200,4,"E","I","A","RT 85","RT 280",145,"S","N","2014-02-11",9340,"2013-04-11",1110,"18665",,"1","6","0","1",,"2","282","-","Y","SCL",4,85,"-","R",18.301,"R","2","N","Y",3,"A","-",22107,,"N","A","H","-","A","D","6","Y","A","01",0,0,2,0,0,0,0,0,0,"-","-","SUNNYVALE","SANTA CLARA","CA",-122.05385,37.33231
"6030572",-122.0181333,37.3969344,2013,"4316","2","6","3","07",0,1,"B",,,,,,900,3,"B","C","A","RT 101","FAIROAKS AV",1340,"N","N","2014-10-30",9340,"2013-03-30",720,"18778",,"1","6","0","1",,"2","120","-","Y","SCL",4,101,"-","-",45.08,"H","-","N","Y",2,"A","-",21658,"A","N","A","H","-","A","D","1","Y","A","01",0,1,0,0,0,0,0,0,0,"-","-","SUNNYVALE","SANTA CLARA","CA",-122.01877,37.39719
"6027853",-122.0075728,37.3943681,2013,"4316","2","3","4","03",0,1,"B",,,,,,1500,3,"C","C","A","RT 101","N FAIR OAKS AV",1200,"S","N","2014-10-30",9340,"2013-03-27",1330,"20424",,"1","6","0","1",,"2","120","-","Y","SCL",4,101,"-","-",44.6,"H","-","S","Y",2,"A","-",22350,,"N","A","H","-","A","D","1","Y","A","07",0,0,1,0,0,0,0,0,0,"-","-","SUNNYVALE","SANTA CLARA","CA",-122.00914,37.39466
"6027803",-122.021022,37.404296,2013,"4316","3","2","4","03",0,1,"A",,,,,,2100,3,"C","C","A","RT 237","MATHILDA AV",2000,"E","N","2014-11-19",9340,"2013-03-26",1830,"20554",,"2","6","0","1",,"2","220","-","Y","SCL",4,237,"-","R",3.4,"H","-","W","Y",4,"A","-",22350,,"N","A","H","-","A","D","1","Y","A","01",0,0,1,0,0,0,0,0,0,"-","-","SUNNYVALE","SANTA CLARA","CA",-122.0207,37.40442
"6027230",-121.9992479,37.4090368,2013,"4316","3","3","4","03",0,2,"A",,,,,,1800,3,"C","C","A","RT 237","LAWRENCE EXPWY",150,"W","N","2014-11-19",9340,"2013-03-27",1625,"30543",,"2","6","0","1",,"2","230","-","Y","SCL",4,237,"-","R",4.57,"H","-","E","Y",2,"A","-",22350,,"N","A","H","-","A","D","1","Y","A","01",0,0,2,0,0,0,0,0,0,"-","-","SUNNYVALE","SANTA CLARA","CA",-122.00074,37.40862
"6027218",-122.024291,37.398072,2013,"4316","2","2","4","08",0,2,"B",,,,,,2400,3,"B","C","A","RT 101","MATHILDA AV",208,"S","N","2014-10-30",9340,"2013-03-19",2110,"20550",,"2","6","0","1",,"2","120","-","Y","SCL",4,101,"-","-",45.64,"H","-","S","Y",4,"A","-",22107,,"N","B","H","-","D","D","1","Y","A","01",0,0,2,0,0,0,0,0,0,"-","-","SUNNYVALE","SANTA CLARA","CA",-122.02667,37.3986
"6020781",-121.996003,37.3806048,2013,"4316","4","7","4","12",0,1,"A",,,,,,2100,3,"D","C","A","LAWRENCE EXPWY","ARQUES AV",0,,"Y","2014-12-02",9340,"2013-03-17",1920,"20414",,"2","6","0","2",,"2","610","-","N",,0,0,,,0,,,,"Y",2,"A","-",21453,"A","N","A","H","-","A","A","0","Y","A","08",0,0,1,0,0,0,0,0,0,"-","-","SUNNYVALE","SANTA CLARA","CA",-121.9958,37.30044
"6012128",-122.0112492,37.4065582,2013,"4316","3","4","4","03",0,1,"B",,,,,,1800,3,"C","C","A","RT 237","FAIR OAKS AV",100,"E","N","2014-11-19",9340,"2013-03-14",1730,"020289",,"2","6","0","1",,"2","220","-","Y","SCL",4,237,"-","R",3.99,"H","-","W","N",3,"A","-",22350,,"N","A","H","-","B","D","1","Y","A","01",0,0,1,0,0,0,0,0,0,"-","-","SUNNYVALE","SANTA CLARA","CA",-122.00888,37.40605
"6010366",-122.0179066,37.3968847,2013,"4316","2","1","3","03",0,2,"A",,,,,,900,3,"C","C","A","RT 101","FAIR OAKS AV",1200,"N","N","2014-10-30",9340,"2013-03-11",815,"19932",,"1","6","0","1",,"2","120","-","Y","SCL",4,101,"-","-",45.06,"H","-","N","Y",2,"A","-",22350,,"N","A","H","-","A","D","1","Y","A","01",0,2,0,0,0,0,0,0,0,"-","-","SUNNYVALE","SANTA CLARA","CA",-122.01763,37.3971
"6009497",-122.0182466,37.3969593,2013,"4316","2","5","3","01",0,2,"A",,,,,"Y",300,2,"C","C","A","RT 101","FAIR OAKS AV",1350,"N","N","2014-10-30",9340,"2013-02-22",120,"20091",,"3","6","0","1",,"2","120","-","Y","SCL",4,101,"-","-",45.09,"H","-","N","Y",3,"A","-",23152,"A","N","A","H","-","C","D","1","Y","A","01",0,2,0,0,0,0,0,0,0,"-","-","SUNNYVALE","SANTA CLARA","CA",-122.02255,37.39803
"6009491",-121.9964945,37.3682025,2013,"4316","4","6","2","01",0,1,"A",,,"Y",,"Y",1800,2,"F","A","A","LAWRENCE EXPY","MONROE ST",500,"N","N","2014-01-29",9340,"2013-02-16",1645,"20424",,"2","6","0","2",,"2","610","-","N",,0,0,,,0,,,,"Y",2,"A","-",23152,"A","N","A","H","-","A","A","0","Y","C","02",1,0,0,0,0,0,0,0,1,"-","-","SUNNYVALE","SANTA CLARA","CA",-121.99641,37.36874
"6009490",-121.9960257,37.3828021,2013,"4316","4","7","3","03",0,2,"A",,,,,,1500,2,"C","C","A","LAWRENCE EXPWY","ARQUES AV",800,"N","N","2014-01-29",9340,"2013-02-10",1250,"20208",,"1","6","0","2",,"2","610","-","N",,0,0,,,0,,,,"Y",3,"A","-",22350,,"N","A","H","-","A","D","0","Y","A","07",0,1,1,0,0,0,0,0,0,"-","-","SUNNYVALE","SANTA CLARA","CA",-121.99602,37.38262
"6005125",-122.0056513,37.3938351,2013,"4316","2","3","3","03",0,2,"B",,,"Y",,,2100,2,"C","C","A","RT 101","LAWRENCE EXPWY",3000,"N","N","2014-10-30",9340,"2013-02-13",1920,"18880",,"2","6","0","1",,"2","120","-","Y","SCL",4,101,"-","-",44.43,"H","-","S","Y",2,"A","-",22350,,"F","A","H","-","D","D","1","Y","C","02",0,2,0,0,0,0,0,0,2,"-","-","SUNNYVALE","SANTA CLARA","CA",-122.00579,37.39387
"6003732",-122.0501864,37.3243474,2013,"4316","3","1","4","03",0,1,"A",,,,,,1800,2,"C","C","A","RT 85","STEVENS CREEK BL",1500,"N","N","2014-10-17",9340,"2013-02-04",1510,"1510",,"2","6","0","1",,"2","085","-","Y","SCL",4,85,"-","R",17.863,"R","2","N","N",2,"A","-",22350,,"N","A","H","-","A","D","6","Y","A","01",0,0,1,0,0,0,0,0,0,"TO","-","SUNNYVALE","SANTA CLARA","CA",-122.05182,37.32801
"6001301",-121.9994723,37.3923142,2013,"4316","2","6","3","01",0,1,"B",,,,,,1800,1,"B","C","A","RT 101","LAWRENCE EXPWY",300,"N","N","2014-10-30",9340,"2013-01-05",1526,"19932",,"2","6","0","1",,"2","120","-","Y","SCL",4,101,"-","-",43.92,"H","-","N","Y",2,"A","-",23152,"A","N","A","H","-","A","D","1","Y","A","01",0,1,0,0,0,0,0,0,0,"-","-","SUNNYVALE","SANTA CLARA","CA",-121.9989,37.3922
"5998518",-121.9966231,37.3706467,2013,"4316","4","7","4","03",0,1,"A",,,,,,1500,2,"C","C","A","LAWRENCE EXPWY","KIFER RD",1200,"S","N","2014-12-02",9340,"2013-02-03",1430,"20204","2","2","6","0","2",,"2","610","-","N",,0,0,,,0,,,,"N",2,"A","-",22350,,"N","A","H","-","A","D","0","Y","A","01",0,0,1,0,0,0,0,0,0,"-","-","SUNNYVALE","SANTA CLARA","CA",-121.99657,37.37059
"5997229",-122.0087231,37.394665,2013,"4316","2","4","3","03",0,2,"B",,,,,,300,1,"E","I","A","RT 101","FAIR OAKS BL",150,"S","N","2014-10-30",9340,"2013-01-24",115,"19986",,"3","6","0","1",,"2","120","C","Y","SCL",4,101,"-","-",44.701,"R","2","S","Y",1,"A","-",22350,,"N","B","H","-","D","D","1","Y","A","01",0,2,0,0,0,0,0,0,0,"-","-","SUNNYVALE","SANTA CLARA","CA",-122.01246,37.39418
"5995319",-122.0600426,37.3480119,2013,"4316","3","5","4","03",0,1,"A",,,"Y",,,1800,2,"F","I","A","RT 85","FREMONT AV",1000,"S","N","2014-11-17",9340,"2013-02-22",1527,"18562",,"2","6","0","1",,"2","085","-","Y","SCL",4,85,"-","R",19.67,"H","-","S","Y",1,"A","-",22350,,"N","A","H","-","A","D","6","Y","C","02",0,0,1,0,0,0,0,0,1,"-","-","SUNNYVALE","SANTA CLARA","CA",-122.05969,37.34729
"5992780",-122.0121015,37.4063661,2013,"4316","3","5","3","07",0,1,"B",,,"Y",,,2100,3,"B","C","A","RT 237","FAIR OAKS AV",150,"W","N","2014-11-19",9340,"2013-03-08",1833,"18880",,"2","6","0","1",,"2","220","-","Y","SCL",4,237,"-","R",3.94,"H","-","W","Y",3,"A","-",21658,"A","N","A","H","-","B","-","1","Y","A","07",0,1,0,0,0,0,0,0,1,"-","-","SUNNYVALE","SANTA CLARA","CA",-122.0103,37.40682
"5992468",-122.008216,37.3947429,2013,"4316","2","1","4","08",0,1,"A",,,,,,1200,2,"E","I","A","RT 101","FAIR OAKS AV",1000,"S","N","2014-10-30",9340,"2013-02-18",900,"20313",,"1","6","0","1",,"2","120","-","Y","SCL",4,101,"-","-",44.64,"H","-","N","Y",1,"A","-",22107,,"N","A","H","-","A","D","1","Y","A","01",0,0,1,0,0,0,0,0,0,"-","-","SUNNYVALE","SANTA CLARA","CA",-122.02374,37.39804
"5991176",-122.0223142,37.4038697,2013,"4316","3","3","4","03",0,1,"B",,,,,,2100,2,"C","C","A","RT 237","MATHILDA AV",1500,"E","N","2014-11-19",9340,"2013-02-20",1840,"018880",,"2","6","0","1",,"2","220","-","Y","SCL",4,237,"-","R",3.3,"H","-","E","Y",3,"A","-",22350,,"N","A","H","-","C","D","1","Y","A","01",0,0,1,0,0,0,0,0,0,"-","-","SUNNYVALE","SANTA CLARA","CA",-122.0212,37.40395
"5991009",-122.0383582,37.4013606,2013,"4316","2","5","3","08",0,1,"A",,,,,,1200,2,"E","I","A","RT101","RT 237",450,"N","N","2014-10-30",9340,"2013-02-15",1010,"19932",,"1","6","0","1",,"2","120","-","Y","SCL",4,101,"-","-",46.22,"H","-","N","Y",1,"A","-",22107,,"N","A","H","-","A","D","1","Y","A","01",0,1,0,0,0,0,0,0,0,"-","-","SUNNYVALE","SANTA CLARA","CA",-122.03764,37.4013
"5988531",-122.0244815,37.3983257,2013,"4316","2","3","4","03",0,3,"A",,,,,,1200,2,"C","C","A","RT 101","MATHILDA AV",600,"S","N","2014-10-30",9340,"2013-02-27",945,"20574",,"1","6","0","1",,"2","120","-","Y","SCL",4,101,"-","-",45.57,"H","-","N","N",2,"A","-",22350,,"N","A","H","-","A","D","1","Y","A","01",0,0,3,0,0,0,0,0,0,"-","-","SUNNYVALE","SANTA CLARA","CA",-122.01812,37.3971
"5987919",-122.0427737,37.3969355,2013,"4316","3","6","3","08",0,1,"A",,,,,,300,3,"E","I","A","RT 237","MAUDE AV",800,"E","N","2014-11-19",9340,"2013-03-09",150,"020091",,"3","6","0","1",,"2","220","-","Y","SCL",4,237,"-","M",2.01,"H","-","E","Y",1,"A","-",22107,,"N","A","H","-","D","D","1","Y","A","07",0,1,0,0,0,0,0,0,0,"-","-","SUNNYVALE","SANTA CLARA","CA",-122.0453,37.39592
"5987892",-122.0369918,37.3999643,2013,"4316","3","2","3","03",0,1,"A",,,"Y",,,1200,3,"F","A","A","RT 237","RT 101",200,"E","N","2015-01-08",9340,"2013-03-12",905,"20543",,"1","6","0","1",,"2","220","-","Y","SCL",4,237,"-","-",2.49,"H","-","E","N",1,"A","-",22350,,"N","A","H","-","A","D","1","Y","C","02",0,1,0,0,0,0,0,0,1,"-","-","SUNNYVALE","SANTA CLARA","CA",-122.0277,37.40257
"5987407",-121.9962689,37.3738979,2013,"4316","4","4","4","03",0,1,"A",,,,,,2100,1,"C","C","A","LAWRENCE EXPY","KIFER RD",10,"S","N","2014-01-21",9340,"2013-01-31",2005,"019986",,"2","6","0","2",,"2","610","-","N",,0,0,,,0,,,,"Y",4,"A","-",22350,,"N","A","H","-","C","D","0","Y","A","01",0,0,1,0,0,0,0,0,0,"-","-","SUNNYVALE","SANTA CLARA","CA",-121.5945,37.2224
"5981475",-122.030868,37.4022231,2013,"4316","3","4","4","03",0,1,"A",,,,,,2100,1,"C","C","A","RT 237","MATHILDA AV",1000,"W","N","2014-11-19",9340,"2013-01-17",1800,"19215",,"2","6","0","1",,"2","220","-","Y","SCL",4,237,"-","-",2.8,"H","-","W","Y",2,"A","-",22350,,"N","A","H","-","D","D","1","Y","A","01",0,0,1,0,0,0,0,0,0,"-","-","SUNNYVALE","SANTA CLARA","CA",-122.0301,37.4023
"5980975",-122.011769,37.4062613,2013,"4316","3","2","4","03",0,1,"A",,,,,,2100,1,"C","C","A","RT 237","FAIROAKS AV",200,"W","N","2014-11-19",9340,"2013-01-15",1830,"019791",,"2","6","0","1",,"2","220","-","Y","SCL",4,237,"-","R",3.93,"H","-","E","Y",3,"A","-",22350,,"N","A","H","-","D","D","1","Y","A","01",0,0,1,0,0,0,0,0,0,"-","-","SUNNYVALE","SANTA CLARA","CA",-122.0132,37.40588
"5974097",-121.991064,37.3898448,2013,"4316","2","4","4","03",0,1,"A",,,,,,900,1,"C","C","A","RT101","LAWRENCE EXPY",800,"S","N","2014-10-30",9340,"2013-01-31",700,"19926",,"1","6","0","1",,"2","120","-","Y","SCL",4,101,"-","-",43.71,"H","-","N","N",2,"A","-",22350,,"N","A","H","-","A","D","1","Y","A","01",0,0,1,0,0,0,0,0,0,"-","-","SUNNYVALE","SANTA CLARA","CA",-121.99109,37.38998
"5943494",-122.0587331,37.335985,2013,"4316","1","4","4","07",0,1,"B",,,,,,1200,2,"B","C","A","RT 280","RT 85",145,"N","N","2014-11-18",9340,"2013-02-07",1140,"18665",,"1","6","0","1",,"2","282","C","Y","SCL",4,85,"-","R",18.667,"R","2","N","Y",2,"A","-",21658,"A","N","A","H","-","A","D","6","Y","A","01",0,0,1,0,0,0,0,0,0,"TO","-","SUNNYVALE","SANTA CLARA","CA",-122.05689,37.33404
"5942968",-121.9945031,37.390635,2013,"4316","2","1","4","03",0,1,"B",,,,"Y",,1200,3,"F","A","A","RT 101","LAWRENCE EXPWY",100,"N","N","2014-10-30",9340,"2013-03-04",900,"20208",,"1","6","0","1",,"2","120","-","Y","SCL",4,101,"-","-",43.894,"R","1","S","Y",1,"A","-",22350,,"N","A","H","-","A","D","1","Y","G","27",0,0,1,0,0,0,0,0,0,"FR","-","SUNNYVALE","SANTA CLARA","CA",-121.99701,37.39104
"5942213",-122.0373882,37.4009555,2013,"4316","2","4","4","03",0,1,"A",,,,,,1800,1,"C","C","A","RT 101","RT 237",100,"S","N","2014-10-30",9340,"2013-01-17",1640,"19882",,"2","6","0","1",,"2","120","-","Y","SCL",4,101,"-","-",46.2,"H","-","S","Y",3,"A","-",22350,,"N","A","H","-","A","D","1","Y","A","07",0,0,1,0,0,0,0,0,0,"-","-","SUNNYVALE","SANTA CLARA","CA",-121.03497,37.40033
"5926793",-122.0150466,37.3960594,2013,"4316","2","6","4","03",0,1,"A",,,,,,900,2,"C","C","A","RT 101","FAIR OAKS AV",500,"N","N","2014-10-30",9340,"2013-02-09",620,"20424",,"1","6","0","1",,"2","120","-","Y","SCL",4,101,"-","-",44.92,"H","-","S","Y",2,"A","-",22350,,"N","A","H","-","D","D","1","Y","A","01",0,0,1,0,0,0,0,0,0,"-","-","SUNNYVALE","SANTA CLARA","CA",-122.01395,37.39529
"5926729",-122.0136567,37.4058313,2013,"4316","3","3","4","03",0,1,"B",,,,,,2100,2,"C","C","A","RT 237","FAIR OAKS AV",800,"W","N","2014-11-19",9340,"2013-02-13",1805,"018880",,"2","6","0","1",,"2","220","-","Y","SCL",4,237,"-","R",3.82,"H","-","E","N",3,"A","-",22350,,"N","A","H","-","B","D","1","Y","D","22",0,0,1,0,0,0,0,0,0,"-","-","SUNNYVALE","SANTA CLARA","CA",-122.01256,37.40596
"5926350",-121.9999675,37.3922541,2013,"4316","2","5","4","03",0,1,"A",,,,,,2100,2,"C","C","A","RT101","LAWRENCE EXPWY",500,"N","N","2014-10-30",9340,"2013-02-08",1848,"019986",,"2","6","0","1",,"2","120","-","Y","SCL",4,101,"-","-",43.95,"H","-","S","Y",2,"A","-",22350,,"N","A","H","-","D","D","1","Y","D","22",0,0,1,0,0,0,0,0,0,"-","-","SUNNYVALE","SANTA CLARA","CA",-121.99993,37.39228
"5920783",-122.0416232,37.397708,2013,"4316","3","4","4","03",0,1,"B",,,,,,2100,2,"C","C","A","RT 237","MAUDE AV",1300,"E","N","2014-11-19",9340,"2013-02-07",1815,"18880",,"2","6","0","1",,"2","220","-","Y","SCL",4,237,"-","-",2.05,"H","-","W","N",3,"A","-",22350,,"N","A","H","-","D","D","1","Y","A","01",0,0,1,0,0,0,0,0,0,"-","-","SUNNYVALE","SANTA CLARA","CA",-122.0428,37.3971
"5916952",-122.0047235,37.3937919,2013,"4316","2","4","3","08",0,1,"A",,,,"Y","Y",300,1,"E","I","A","RT101","LAWRENCE EXPY",1755,"N","N","2014-10-30",9340,"2013-01-31",245,"020465",,"3","6","0","1",,"2","120","-","Y","SCL",4,101,"-","-",44.35,"H","-","N","Y",1,"A","-",22107,,"N","A","H","-","D","D","1","Y","G","25",0,1,0,0,0,0,0,0,0,"-","-","SUNNYVALE","SANTA CLARA","CA",-122.00499,37.39393
"5911420",-122.0064409,37.3940579,2013,"4316","2","4","1","03",1,0,"A","Y",,,,,2400,10,"G","B","E","RT101","NORTH FAIR OAKS AV",1744,"S","N","2015-01-12",9340,"2013-10-03",2359,"20067",,"3","6","0","1",,"2","120","-","Y","SCL",4,101,"-","-",44.5,"H","-","S","Y",2,"A","-",22350,,"N","A","C","-","D","D","1","Y","N","60",0,0,0,1,0,0,0,0,0,"-","-","SUNNYVALE","SANTA CLARA","CA",-122.00401,37.39339
"5903883",-122.0383582,37.4013606,2013,"4316","2","5","4","07",0,1,"B",,,,"Y",,900,1,"C","C","A","RT 101","RT 237",500,"N","N","2014-10-30",9340,"2013-01-25",800,"019377",,"1","6","0","1",,"2","120","-","Y","SCL",4,101,"-","-",46.22,"H","-","N","N",2,"A","-",21658,"A","N","A","H","-","A","D","1","Y","A","01",0,0,1,0,0,0,0,0,0,"-","-","SUNNYVALE","SANTA CLARA","CA",-122.03859,37.40165